nams,sqs,acc,aliphat_full,hydrophob_full,boman_interactions,hmoment,instab,lngth_prot,mw_prot,pi_prot,Z1,Z2,Z3,Z4,Z5,T1,T2,T3,T4,T5,PP1,PP2,PP3,VHSE1,VHSE2,VHSE3,VHSE4,VHSE5,VHSE6,VHSE7,VHSE8,ST1,ST2,ST3,ST4,ST5,ST6,ST7,ST8,F1,F2,F3,F4,F5,F6,KF1,KF2,KF3,KF4,KF5,KF6,KF7,KF8,KF9,KF10,topt
282669.3.peg.967_Kocuria_mesophile,MTGNSTITNRNAAILSVTKTEADVVIPSTRFDEELEHTFKRLRMPKGLLERLAGIKERRGWAPGRHFTDGATEAGEAALQQAGIRPEQIGLFINASVTRDNYEPAVAVGIHERLGLPSSALNFDMTNACLGFVNALTVASSMIDAGAIDYALVVAGEDPSPWHEAALARLSEDGITRDQVVQEFATLTLGCGAAAGRTPQGIVLAVHGNPTWSYLWRDVVRAATEAERPWRVVAVDQLDMGFSERTGLFRRLEDRVTDLGDLTREIGLDAAGLPVVTLAHDWGGLISQGWAQEHPQIHAATVMTNTAVHHDEAEPIPSALRLALNKAVHGPVTTGSTAFLDTTLALCDPA,282669.3.peg.967_Psychrobacter_psychrophile,91.8,-0.07685714285714287,1.430057142857143,0.7960203002075857,33.392,350,37591.40964,4.980789437634381,0.16534285714285712,-0.7637714285714285,-0.26880000000000004,-0.4354571428571428,0.3199714285714286,-5.0284,-0.21154285714285712,0.13405714285714287,0.2836857142857143,0.8298571428571428,-0.18397142857142856,-0.36882857142857145,0.024828571428571426,-0.03225714285714284,-0.21634285714285717,-0.32808571428571426,-0.16960000000000003,-0.15111428571428573,-0.31602857142857144,0.2246285714285714,-0.0016285714285714293,-0.9331257142857142,-0.3185428571428572,-0.29096285714285713,-0.02467714285714286,-0.10248285714285714,-0.4962114285714286,0.15624,0.30136,-0.19967428571428575,0.04127428571428572,-0.24153142857142854,0.49026000000000003,0.09744857142857143,-0.09922285714285713,-0.17151428571428573,-0.3774,-0.027571428571428563,0.055799999999999995,-0.2705714285714286,-0.2672,-0.002657142857142858,-0.029599999999999994,-0.03562857142857142,0.058485714285714294,45.875
1075768.5.peg.2737_Janthinobacterium_psychrophile,MTLYSKIIGTGSYLPERRVTNQDLAEQLAAKGIETSDEWIVSRSGISARHYAAPEQNSSDLGVAAAKSALQMAGLQANDLDLIIVASSTPDFFGSFPSTACIVQNKLGITNHCAAVDVQAVCSGFVYAVATADSFIKSGMHKNVLVIGAEVFSRILNFDDRGTCVLFGDGAGAIVMAASREPGILAAKLHADGRQSHILSVPGSVAGGAVAGSAFLHMDGPAVFKLAVSVLEKVALEALAHANMTADQIDWLIPHQANIRIMNSTAKKLGLPLEKMVVTVDQHGNTSAASIPLALDIAVRDGRVKKGDNVMMEGVGGGFTWGAVLARM,1075768.5.peg.2737_Janthinobacterium_psychrophile,99.1158536585366,0.2542682926829268,0.7853658536585366,0.6581036268089121,30.05701219512195,328,34271.34244,6.599255263491952,0.049390243902439,-0.9242987804878048,-0.17972560975609758,-0.4124390243902439,0.3410365853658537,-5.394146341463415,-0.2605792682926829,0.06996951219512197,0.39640243902439026,0.8850304878048781,-0.2638414634146341,-0.3985365853658537,0.06411585365853657,0.0266768292682927,-0.3329268292682927,-0.40201219512195124,-0.21503048780487805,-0.09201219512195125,-0.34777439024390244,0.2068292682926829,-0.1276219512195122,-0.990844512195122,-0.3140396341463415,-0.2678689024390244,0.025393292682926824,-0.14187195121951218,-0.5268262195121951,0.12728963414634145,0.3362164634146341,-0.1675487804878049,0.034115853658536595,-0.27099085365853653,0.5307530487804878,-0.01666768292682927,-0.10229878048780486,-0.19039634146341464,-0.4651219512195122,0.016798780487804886,-0.0013719512195122005,-0.10454268292682926,-0.32722560975609755,-0.09167682926829268,0.07192073170731708,-0.06908536585365853,-0.01094512195121951,34.175
1629713.5.peg.2518_Desulfobulbaceae_psychrophile,MIHYSNVCFDTFGYELPSRILTSDQLEERLAPVYERLGLPAGRLELMSGIRQRRLWPPGTRPSEAATLAGKRVLERAGLAASEVECLIFTSVSRDMMEPATASFVHEKLGLPQEALIFDISNACLGFLDGMVMLANMIELGQVKNGLIVSGETAEELLESTLLALLGDESLSRKSIKPAFASLTIGSGAVGLYMRRTRKDEDKPRLVHGAWRANTAHSDLCHGGQRGGNTTLMATNSEELLHRGVETAQMTWREFSKKAGWQADDVDRFFCHQVGSAHAKLLFEQLGLKTEKNFATLDILGNVGSVSAPITMAMAIEQGVFRPGQKGALLGIGSGINCMMLGVEW,1629713.5.peg.2518_Desulfobulbaceae_psychrophile,91.10144927536233,-0.05304347826086959,1.2998260869565217,0.6431600752825206,38.70289855072464,345,37611.27694,6.316868114257916,0.08284057971014488,-0.7139420289855073,-0.2951014492753623,-0.40228985507246373,0.22359420289855073,-4.911130434782608,-0.006173913043478236,-0.04536231884057969,0.3226376811594203,0.7605507246376811,-0.18513043478260868,-0.3289275362318841,0.042086956521739126,-0.008318840579710123,-0.2028985507246377,-0.2775072463768116,-0.04104347826086959,-0.10011594202898552,-0.2910144927536232,0.24762318840579708,-0.11127536231884058,-0.9112753623188405,-0.24235362318840584,-0.2061478260869565,-0.0021913043478260907,-0.13671014492753622,-0.3819507246376812,0.15437681159420288,0.3301768115942029,-0.13449855072463768,0.08020869565217391,-0.19728115942028984,0.4800173913043478,0.045588405797101446,-0.08492753623188402,-0.18139130434782608,-0.3104057971014493,-0.06040579710144928,0.04133333333333332,-0.18281159420289855,-0.28826086956521735,0.1188695652173913,0.020579710144927543,-0.10582608695652174,0.08521739130434783,32.565
177439.6.peg.798_Desulfotalea_psychrophile,MSGIRERRLWPKGMKPSEAAYLAGKKTLDDGGIAAAEVECLLFTSVCRDMMEPATSAFVHHKLGLPKSCLVFDISNACLGFLDGMVMLANMIELGQVKNGLVVSGETAEDLLESTIAALNADETFTRKTIKSSFASLTIGSGSVGCFMRRAEAGETKPRLVRGVWRTDTDHIHLCQGDAQGGETTLMQTDSEELLLRGVDTAAAAWDAFAAPGWRNEEVDAYCCHQVGVAHFRMLFDRLGLSEEKNFQTLPFLGNVGTVSAPITLAMAMEEGAFKPGERAVMLGIGSGINSIVLGIDW,177439.6.peg.798_Desulfotalea_psychrophile,86.81208053691275,0.0593959731543624,1.1170805369127517,0.7623900837025424,32.03087248322148,298,32054.78304,4.836042465035376,0.10446308724832211,-0.8096644295302013,-0.16885906040268459,-0.4266442953020134,0.17946308724832216,-5.096308724832215,-0.1082885906040268,-0.0049664429530201165,0.34627516778523487,0.8168120805369128,-0.2130201342281879,-0.36077181208053694,0.029161073825503352,0.005067114093959753,-0.2574161073825504,-0.33036912751677855,-0.0833557046979866,-0.15134228187919466,-0.28318791946308725,0.21104026845637583,-0.12332214765100671,-0.9403758389261746,-0.2757013422818792,-0.221251677852349,0.019285234899328856,-0.1319798657718121,-0.4454261744966444,0.14790939597315436,0.32269127516778523,-0.13799328859060403,0.06887919463087248,-0.24611073825503355,0.45756711409395967,0.0020436241610738244,-0.12903691275167783,-0.19348993288590605,-0.3708389261744966,-0.07291946308724832,0.01318791946308724,-0.18278523489932885,-0.24664429530201343,0.0839261744966443,0.06476510067114094,-0.10630872483221475,0.1013758389261745,35.665
1123057.7.peg.1800_Rhodonellum_psychrophile,MSVYSIIIGSGKYIPNLVVKNEVFLSNSFFNDKGEKILKKNEDIINKLQEITEIEERRYLDPDLNTSDMAFYASEKAISDAGIDSETLDYIIVAHNFGDIRHDNQKSDLVPTLASRVKHLLKIENPDCVAYDLPFGCPGWLQGVIQADYYIKSGDAKRILVIGAETLSRISDPHDIDSMIYSDGAGAVILEGKSSDTPIGILAHKTRTDTLTQAHYLKMDISYDPDFKDNTLFLKMNGRKLYEYALTNVPLVVKQTIEKAGLTIQEIKKVLIHQANAKMDAAILARTFKLFEVEVIPEKIMPMSISKLGNNSVATIPILYDMIVKEELEDQAIHSGDYLVLASVGAGMNVNALIYLVP,1123057.7.peg,106.50837988826815,-0.06536312849162013,1.218268156424581,0.6434791018793269,38.10139664804469,358,39862.86914,4.931375953701817,-0.04134078212290507,-0.5196648044692738,-0.29460893854748604,-0.5372625698324023,0.32357541899441344,-4.601955307262569,0.004106145251396656,0.03215083798882683,0.29997206703910617,0.5893296089385475,-0.11653631284916201,-0.32600558659217876,-0.014050279329608941,-0.002877094972067013,-0.08416201117318436,-0.15756983240223466,-0.22251396648044697,-0.13572625698324026,-0.2705027932960894,0.1803072625698324,-0.03209497206703911,-0.8617262569832402,-0.2820446927374302,-0.21509776536312847,-0.05452234636871509,-0.06508938547486032,-0.1351396648044693,0.03795530726256983,0.13660614525139664,-0.16951396648044692,0.062455307262569836,-0.06385195530726255,0.4408854748603352,0.03440782122905028,-0.09999441340782121,-0.11857541899441341,-0.2074581005586592,0.03709497206703911,0.07455307262569832,-0.07273743016759777,-0.3680446927374301,-0.1235195530726257,0.0663687150837989,0.04675977653631286,-0.054022346368715085,35.565
2483033.3.peg.4057_Sedimentitalea_mesophile,MPKCFKNTKDTDFMQSKFPLGLSVQVAGTGHCVPSTRVTSEEIDTKMGFPCGYLTRASGVRSRYVCDQEDQVDMAVDACQKAITAAGLTPGDIDLVLGACAVPYQPLPAMAPLVMGRLGMADGCAAGFDVNASCLSFLTAFELAASKIALGQNQQVLVFSSEVASRALPWQEQPDVAALFGDGAGAAVLKAPGDAGPRLRASLMRSYPSHYDACQVGAGGTRFDYHNDPKGFNEHAVFRMDGKNLFRITHKYFPQFVQELLDRAEWTAADIDVVVPHQASPLALEHMVSKTDLNPDQIVDISQSYGNQIAASMPTALDFALQQGRIGSGSRVLMLGTSAGVNFGGMALDF,2483033.3.peg.4057_Sedimentitalea_psychrophile,79.22857142857143,-0.009714285714285733,1.127657142857143,0.6939421838854799,37.693714285714286,350,37340.49724,5.1366819550688945,0.09305714285714284,-0.7249428571428571,-0.023114285714285733,-0.3978857142857143,0.29660000000000003,-5.149228571428571,-0.25708571428571425,0.0364857142857143,0.2816285714285714,0.8194571428571429,-0.22642857142857142,-0.3789142857142857,0.021914285714285713,-0.0037142857142856947,-0.26848571428571427,-0.35582857142857144,-0.11502857142857144,-0.1250857142857143,-0.24657142857142855,0.11905714285714282,-0.018142857142857145,-0.9545342857142857,-0.24916857142857143,-0.20675428571428572,0.030211428571428566,-0.1454457142857143,-0.5110685714285715,0.10714285714285714,0.3059314285714286,-0.18871714285714286,-0.04576571428571427,-0.2621914285714286,0.41125142857142855,0.08129428571428571,-0.13355142857142857,-0.07520000000000002,-0.3915714285714285,-0.07774285714285714,-0.009514285714285715,-0.06262857142857144,-0.27294285714285715,0.0252,-0.008628571428571416,-0.00651428571428571,0.028,37.865
2508880.3.peg.322_Salinibacterium_psychrophile,MAGVLERRNWAEGETSDDATVSAGQRALAEAGVDASEVGLLINTSVSRKHLEPSVAVRLHHGLGLPSSAINFDVANACLGFVSGMNLAANMIESGQIKYAIIVNGEDADDIQTNTIDRLLKQDSDREGFMSEFASLTLGSGAAAAVLGRTDEHPAGHPILGGVTRAATQFHELCVGSVDGMFTDAKALLKGGLDLVVSAWKEASTEWDWSKMDLYVTHQVSSVHTNAIVKAAKLDRDRVPTTFPLYGNVGPASIPITLDEAQGTLKKGDRVLLMGVGSGLNTAMMELAW,2508880.3.peg.322_Salinibacterium_psychrophile,92.87197231833909,-0.0034602076124567605,1.1889273356401384,0.6271081219333349,19.64117647058824,289,30543.51314,4.780593733765454,0.2174048442906574,-0.8578892733564013,-0.19584775086505193,-0.48961937716262977,0.3130103806228374,-5.266608996539793,-0.181038062283737,0.10889273356401385,0.34391003460207614,0.8865743944636677,-0.18608996539792388,-0.4029757785467128,0.038719723183391,-0.03249134948096884,-0.27453287197231835,-0.3888581314878893,-0.1418339100346021,-0.17678200692041526,-0.3068166089965398,0.24342560553633216,-0.12418685121107266,-0.9709861591695502,-0.29819031141868513,-0.2884290657439446,-0.0016401384083045026,-0.08603806228373702,-0.5087785467128028,0.13049826989619376,0.33871626297577856,-0.22202768166089965,0.021238754325259523,-0.27612802768166084,0.5283287197231834,-0.011529411764705884,-0.15229757785467127,-0.15889273356401384,-0.4278200692041523,-0.049826989619377156,0.05311418685121107,-0.16591695501730105,-0.32294117647058823,-0.06802768166089966,0.05757785467128028,-0.12716262975778547,0.07778546712802768,35.18
254787.3.peg.2962_Paeniglutamicibacter_psychrophile,MNGNATFRHDNAALLAVTSVQAPRVLSSAEFDERLAPSLKRLRLSKKLLERVSGVMERRWWSDGTSFDDAAVEAGGKAMAEAGVEPGQIGLLINTSVTRRNLEPSVASKIHNDLGLPSSAMNFDITNACLGFVNGMTLAANMIDSGQIKYALVVAGEDAQPTQETTFARLNAEDSTREDYLNQFATLTLGSGAAAAVIGPADAHPGAHRIVGGVSRAGTEHHELCVGGLNGMYTDTKGLLDNGLELVVSAWDEAHQSGWNWKSMDRYVTHQVSNSYTNAIIKAVDLVRDRVPITFPKWGNVGPASLPMTLAQESKTLKPGDRVLCMGVGSGLNTAMMELAW,254787.3.peg.2962_Paeniglutamicibacter_psychrophile,85.30791788856304,-0.1469208211143695,1.4013196480938415,0.7676910830170093,27.55043988269795,341,36479.24964,5.864674936049158,0.2388856304985337,-0.7308797653958944,-0.18656891495601174,-0.42076246334310846,0.32023460410557186,-5.118035190615836,-0.15999999999999998,0.08703812316715545,0.30595307917888565,0.8485043988269794,-0.1636950146627566,-0.37976539589442815,0.05683284457478006,-0.05252199413489734,-0.24026392961876836,-0.35269794721407627,-0.09269794721407627,-0.1297067448680352,-0.2693841642228739,0.23269794721407622,-0.09627565982404691,-0.9469178885630498,-0.2724926686217009,-0.27380645161290323,-0.006225806451612908,-0.08274780058651025,-0.4976392961876833,0.1394516129032258,0.3180733137829912,-0.23321700879765397,-0.01197360703812316,-0.25843695014662754,0.4723460410557185,0.02201173020527859,-0.11918475073313779,-0.10478005865102641,-0.38143695014662754,-0.042580645161290315,0.06838709677419354,-0.15577712609970676,-0.28809384164222873,-0.019824046920821115,0.025307917888563056,-0.1155425219941349,0.04398826979472141,35.27
756698.3.peg.3339_Moritella_psychrophile,MKYNRVFINSLTYELAPEIITSTALELRLAPLYQKLRIPIGQLAALTGITQRRWWPKDYMLSDGALIAAQKALDETGINVSDIGAVVYTGVCRDQHEPATACRIAAKLGVSNNTAIYDISNACLGALSGMLDIANRIELGQIKAGLVVSCESARHIVDVTIDDMLADPTIRNYATSLATLTGGSGAVAILLTDGSLNLAGSRNHQLLGASHLSAPEHHDLCQWGLKEIDTQLYREYMRTDAVKLLKEGVALAQETWQQFLEQRQWTPEDVDKVICHQVGAANQKKVLTALNIPVEKEFPTFKYLGNMGTVSLPVTAAMADEEGFLKKGDNVSFLGIGSGLNCMMLGLKW,756698.3.peg.3339_Moritella_psychrophile,102.92263610315186,0.02722063037249282,1.0438968481375357,0.6021029201006481,28.662177650429804,349,38002.74384,5.912952630825181,-0.027765042979942742,-0.7276217765042979,-0.3075931232091691,-0.47148997134670484,0.2793409742120344,-4.909598853868195,-0.07739255014326646,0.05289398280802293,0.3559598853868195,0.742865329512894,-0.17418338108882522,-0.3410601719197708,0.024957020057306586,0.015157593123209192,-0.18507163323782236,-0.25727793696275075,-0.162865329512894,-0.08664756446991406,-0.31117478510028657,0.19223495702005727,-0.12664756446991404,-0.9108452722063037,-0.2877736389684814,-0.23764756446991406,-0.015524355300859605,-0.10085959885386818,-0.3333037249283668,0.10031232091690545,0.24858166189111747,-0.12140114613180515,0.0728567335243553,-0.1590429799426934,0.47981948424068765,0.007851002865329512,-0.07979369627507162,-0.1724928366762178,-0.3105157593123209,0.010601719197707742,0.030200573065902566,-0.154297994269341,-0.3237822349570201,0.05578796561604584,6.017191977077431e-4,-0.045902578796561594,-0.006790830945558734,34.605
698738.7.peg.1803_Oleispira_psychrophile,MTKARFESIGAYIPNKRVSTEELTANMNIPPQFDLEAITGIKTRSWKEDKDDSYTMAIDAANSCLENSKYEAADLDIIISCSIARFVGDCSYYEPPMSLFLKHKLGAHKAIFFDVSNACAGMFSGLYILESMIKAGVVKNGLVVSGEYISTIAETAVLEAKDIYDPQFGSLTVGDAGAAVILDKAVDDNDVIDCFNLISTPEYSDLAIGKPSNDSNRYAMYASNSKMHTEERLKIWPNFQIDMLAKEGKDFKSEQFDYIIHHQVGSKFVERLLKVGKEAFSAEQPESLNVLEKYGNTSSTSHFIVLYEYLKANKLKDKSKILMVPAASGFVTGFLSMSINNLAVK,698738.7.peg,87.13043478260869,-0.12985507246376812,1.286231884057971,0.7945926704642208,32.10927536231884,345,38180.55434,5.0125676936938515,0.09849275362318838,-0.48585507246376813,-0.12257971014492758,-0.503159420289855,0.2758550724637681,-4.686463768115942,-0.047449275362318834,0.030000000000000013,0.23823188405797102,0.6613913043478261,-0.10802898550724639,-0.3383768115942029,0.01460869565217391,-0.03249275362318838,-0.12660869565217392,-0.19968115942028986,-0.1710144927536232,-0.13182608695652176,-0.2005217391304348,0.13753623188405795,-0.07185507246376811,-0.8731362318840581,-0.26590434782608696,-0.20146086956521742,-0.040559420289855076,-0.06470724637681159,-0.25179710144927536,0.05530724637681159,0.1997536231884058,-0.18504057971014493,0.05576231884057971,-0.12049855072463767,0.40921739130434787,0.0036985507246376794,-0.1194869565217391,-0.12144927536231885,-0.23884057971014494,-0.04344927536231884,0.0751304347826087,-0.0727536231884058,-0.356231884057971,-0.11771014492753623,0.06866666666666668,0.009159420289855082,-0.04327536231884058,35.27
1220571.3.peg.752_Alicyclobacillus_thermophile,MTIRAGILGTGSALPDQVLTNADLEKMVETDDEWITSRTGIKERRIAPEGTTTSDYATLAAERALADAGMAASELDFIICATVTPDMMFPATACLVQDRIGATHAGAMDLSAACTGFLYGVATAAAMVESGRFRRVLVIGADLLSRVVDYQDRTTCVLFGDGAGAAVVGPVDGERGFLSFNLGSDGGGGKHLYLPAGGSKMPATAESIEGRMHYLKMEGRETFKFAVKAMAASTEQVLAEAGLTRDDIDLLVPHQANIRIIEAARERFGIPVEKVVMTIQKYGNTSAASIPVALDEALREGRAKTGDLVVLVGFGAGLTWGAAALRL,1220571.3.peg.752_Alicyclobacillus_thermophile,92.32415902140673,0.14954128440366973,1.1019877675840979,0.6430788423365633,32.92415902140673,327,34363.31774,4.770659452768114,0.11984709480122321,-0.986605504587156,-0.27657492354740065,-0.4857186544342507,0.23853211009174313,-5.3585015290519875,-0.14737003058103973,0.05363914373088687,0.41027522935779814,0.9137003058103975,-0.25636085626911315,-0.3887767584097859,0.0509480122324159,-0.0023853211009174117,-0.28195718654434254,-0.4015290519877676,-0.1431804281345566,-0.14440366972477067,-0.35467889908256883,0.2483792048929663,-0.10434250764525996,-0.981749235474006,-0.31300305810397555,-0.25826299694189603,0.041810397553516815,-0.16276146788990825,-0.5719113149847095,0.12586544342507647,0.3831865443425076,-0.15731804281345568,0.05831192660550459,-0.27826911314984704,0.5629602446483181,0.0014006116207951078,-0.10283180428134554,-0.21957186544342508,-0.4557186544342507,-0.016360856269113145,0.03831804281345565,-0.25440366972477063,-0.2996024464831804,0.06189602446483181,0.0807645259938838,-0.10889908256880734,0.10223241590214067,41.3
1169913.3.peg.856_Vulcaniibacterium_thermophile,MLFQHVAIAGLAHIDAPRRLTSEEIHSRLKPTLDRLGIKYNVLEEVAGVRERRLWDGPVRASDAATLAGVKALADAGIDADRIGLLVNTSVSRDYLEPSTASIVAGNLRLPDTCQNFDVANACLAFLNGMDIAGRMIERGEIDYALVVDGETADLAYEKTLERLSRAEITEQDFRDEMATLTLGSGAAAMVLARAELAPGAPRYKGGVTRSATEWNQLCRGDLHHDRMIADGRMLMIEGLKLGQKTFTAAKAVLGWAVEELDQFVIHQVSKAHTQAFLRAFRIDPKKVMTIFGEHGNIGPASVPIVLSKLREMGRLKKGNRIALLGIGSGLNCSMAEVVW,1169913.3.peg.856_Vulcaniibacterium_thermophile,99.94117647058823,-0.02617647058823531,1.4721470588235293,0.7355441743391139,27.33705882352941,340,37011.651640000004,6.9520755035039645,0.13758823529411762,-0.7078235294117647,-0.3840882352941177,-0.37591176470588233,0.2843529411764706,-4.924235294117647,0.032147058823529445,-0.005058823529411749,0.3648823529411765,0.7759411764705882,-0.1921470588235294,-0.3289705882352941,0.046588235294117646,-0.029117647058823505,-0.17097058823529412,-0.2620882352941176,-0.11379411764705887,-0.08994117647058826,-0.28761764705882353,0.29485294117647054,-0.08858823529411765,-0.9122264705882352,-0.2644058823529412,-0.23443529411764705,-0.002600000000000004,-0.13902647058823528,-0.3764176470588236,0.16294705882352942,0.33756176470588234,-0.18086176470588236,0.13221764705882352,-0.18138235294117644,0.5112088235294118,0.017502941176470586,-0.04101470588235291,-0.23876470588235296,-0.31702941176470584,-0.018911764705882343,0.0811764705882353,-0.25379411764705884,-0.3119411764705882,0.05405882352941176,0.054,-0.03891176470588235,0.09438235294117649,32.38
2026735.166.peg.848_Deltaproteobacteria_psychrophile,MRKTIIKGTGRYVPERLVTNDDLTQWMETSDEWIEQRTGIKQRYWIPEEGNVGASDLGLEATKIALEKANWQPEDIDMIIFATLSPDAFFPGSGCFLQHKLGLSDTPALDIRQQCTGFLYGLVTADAYIRSGLYNRVLLVGGEVHSTGIDISTRGRDVAVIFGDGAAAVCLEAVETDENAGVLASTLHAQGEFAESLWIEAPASRQMPRIDEKMLAENRHYPSMDGKNIFKMAVRRLPEVTMKVLKQSGLTLEDIDLIIPHQANLRINQFYQHSMKIPEGKVYNNIHKYGNTTAASIPLAMDEALEKGLIDDSSTLLFLGLGSGVTWGGCIYRGLEG,2026735,92.07715133531157,-0.17893175074183978,1.3920178041543028,0.6972324228455196,34.33709198813057,337,37224.40404,4.820613322716935,0.08525222551928778,-0.6183382789317508,-0.2899703264094956,-0.4841839762611276,0.22783382789317508,-4.71026706231454,-0.02729970326409494,0.027537091988130577,0.26857566765578633,0.7124035608308605,-0.1349554896142433,-0.32949554896142436,7.418397626112738e-4,-0.023056379821958434,-0.12795252225519288,-0.2386053412462908,-0.0720178041543027,-0.14534124629080122,-0.2787240356083086,0.22442136498516319,-0.07804154302670624,-0.8793115727002967,-0.2572166172106825,-0.21724332344213648,-0.03355489614243324,-0.08975370919881305,-0.3206350148367953,0.10450148367952522,0.26767952522255195,-0.1518160237388724,0.014456973293768554,-0.14162908011869435,0.42635014836795254,0.019213649851632045,-0.1126587537091988,-0.10326409495548963,-0.2589910979228487,-0.011691394658753705,0.06513353115727002,-0.16919881305637982,-0.2600593471810089,0.03813056379821959,0.07201780415430269,-0.06765578635014836,-0.012611275964391688,33.4
2019672.3.peg.2803_Fischerella_thermophile,MIPIKLSTLGIYVPTKVMTNHDIAKIVDTSDEWIRTRTGIIERRIAAPEENTSTLATAAARQVLSKHGIDPLAIEMILVATMMPDTPFPSVACKVQNSIGATNAFAFDISAACSGFVYGLEIASQFIKTGAVRNALVIGAEVLSRCIDWQDRSTCVLFGDGAGAVLLESGQENCFLSSVLRADGSGQDLLFMPAGGTALPASIQTVENRQHFLKMKGKELFQAVVPIVCDAIIDTCEQAKISIENVKLIVPHQANFHIIEEVAVFLGIPFERFMCNLHKYGNTSAASIPLALFDAVQEGKIVPDDYVMMLGFGAGLTCAASLIRWDKSFVC,2019672.3.peg.2803_Fischerella_thermophile,102.29607250755286,0.3401812688821752,0.7132326283987915,0.7077484497313061,32.06253776435045,331,35702.46394,5.1613176259067846,-0.17262839879154082,-0.79404833836858,-0.1832628398791541,-0.4591540785498489,0.25235649546827793,-5.022175226586103,-0.21205438066465257,0.03462235649546829,0.36510574018126885,0.7186706948640483,-0.252809667673716,-0.348821752265861,0.01214501510574018,0.07676737160120849,-0.2612688821752266,-0.27181268882175225,-0.28193353474320243,-0.09123867069486406,-0.333987915407855,0.0931419939577039,-0.04676737160120846,-0.9309335347432024,-0.33716918429003023,-0.23098489425981875,0.011525679758308153,-0.14428398791540786,-0.3406314199395771,0.1048429003021148,0.19123262839879154,-0.08251359516616315,0.07948036253776436,-0.1797703927492447,0.4352507552870091,0.04794561933534743,-0.06023564954682778,-0.1985498489425982,-0.3554984894259819,0.07,-0.038429003021148045,-0.13123867069486406,-0.2546525679758308,-0.027552870090634438,0.0068580060422960875,0.03531722054380665,-0.08078549848942598,35.875
2026735.148.peg.1837_Deltaproteobacteria_psychrophile,MRFDQVSISSVSHVDGADRVTSAELETKLAEPMRRLGLQPGFLEGVTGIRARRMWGVEFQPSQAATAAAELAIAQAGIDRSRLGIVINTSVCRDYIEPSTSCIVHSNLGLGPDCMNFDLGNACLGFLNAMDIVGNMIERGQIEYGLVVDGENSRFVVESTIARLNDPDLDEATFRENFATLTLGSGGAAMVLGRSDQMSVGHRFVGGVTSAATEHHQLCRGQVDQMQTKSKELLIAGVTLAKQTYAMAKRELGWNPDAVAEYILHQVSRANTDKLAEALELPTDKFMHAYVELGNVGPAAVPMVLSKAAEAGRIQPGDRVALMGIGSGLNCSMSEIIW,2026735,90.6508875739645,-0.013313609467455637,1.3552366863905325,0.6863925939962342,31.544082840236687,338,36298.35114,4.9549530608889665,0.19011834319526624,-0.7903254437869822,-0.23414201183431954,-0.47757396449704137,0.25479289940828403,-5.121005917159763,-0.059674556213017725,0.04210059171597635,0.34156804733727814,0.8215384615384616,-0.18952662721893493,-0.3715680473372781,0.03005917159763313,-0.037041420118343174,-0.25855029585798817,-0.3354733727810651,-0.11266272189349114,-0.14458579881656805,-0.2850295857988166,0.2183431952662722,-0.10781065088757398,-0.9477485207100592,-0.2686449704142012,-0.24939644970414204,0.018757396449704138,-0.10816272189349112,-0.44786094674556215,0.14109171597633136,0.3178757396449704,-0.2043934911242604,0.04653550295857989,-0.24918343195266268,0.4542130177514793,0.0030562130177514786,-0.08287869822485204,-0.1673372781065089,-0.38068047337278105,0.010562130177514801,0.06165680473372781,-0.17313609467455623,-0.2199704142011834,0.006360946745562134,0.06076923076923078,-0.08751479289940828,0.011952662721893496,31.575
2268124.3.peg.401_Candidatus_thermophile,MKFSRVVLEAIGYELPTNVITSSWIEERLRPLYQRLFLQPGQLEALTGIKERRWWNPGHVNSHEATKAARKALEETDVPVSDIGALVYAGVCRDDFEPATACAVAANLGLPPTAMIYDISNACLGVLNGIVDIANRIELGQIKAGLIVACETAREITTIMIERMIAEGSMDFFKQALATLTGGSGAAGVVLTDGSYAPDRPRLVGATAMAAPQHHRMCRWGFDRHDPPRAPMMMETNAIGLLTHGKELITRLGQAFYQEMQWARETIDRLIPHQVANANRLAILEGLGISPDKDFSTFPFLGNMGTVSLPVTAAIAAERGVLQRGQRVAFMGIGSGLNSLMLGWQW,2268124.3.peg.401_Candidatus_thermophile,93.98843930635839,0.03381502890173409,1.1429479768786126,0.7086659673266694,36.239306358381505,346,37739.57904,6.627482003262887,-0.06739884393063587,-0.6998265895953757,-0.2907803468208092,-0.33335260115606935,0.26289017341040466,-4.867601156069364,-0.13846820809248553,-0.012572254335260099,0.3300578034682081,0.7412138728323698,-0.231242774566474,-0.3195953757225434,0.03300578034682081,0.03508670520231216,-0.19280346820809252,-0.2686705202312139,-0.10881502890173414,-0.06647398843930638,-0.3402890173410405,0.21121387283236995,-0.04754335260115608,-0.904199421965318,-0.2742138728323699,-0.21615606936416187,-0.0035953757225433572,-0.15597976878612718,-0.4109566473988439,0.14978323699421964,0.2881329479768786,-0.10349132947976879,0.048462427745664755,-0.17057803468208088,0.4407427745664739,0.08464739884393063,-0.07006647398843928,-0.16485549132947977,-0.31413294797687863,6.069364161849821e-4,0.0010404624277456605,-0.1970520231213873,-0.22630057803468207,0.08803468208092485,0.014855491329479779,-0.0538150289017341,-0.02644508670520231,32.64
2026799.183.peg.457_Verrucomicrobia_psychrophile,MKFQNVVLESLAYAQPPEVLSSEQLEERLRPLYERLKLPFGRLELMTGIKERRFWPSDHRPSAASAEAGLSALERSGIMRDQVEVLIHASVCRDMLEPATAAFVHKELGLRDDCQVFDLSNACLGFLNSMVLLGSMIDSGQIRCGMVTVGENGRPLVEKTLAELLEKPLTRNGIKPYFANLTIGSGACAGVLCHEDLAPGGHRLLAGACRAATQHSNLCLGDASSDGLAMQTESELLLDAGVAVAADTWEAFKLNTDWDEQTPDRIVCHQVGSVHRRRLYETLKLDPKRDFSTFEAFGNTGSAALPVTLARAVEEGAIKVGDRVALLGIGSGINCMMLAMQW,2026799,94.1812865497076,-0.035672514619883064,1.3867543859649123,0.6298192988598893,32.485380116959064,342,37223.72674,5.262415495636276,0.12637426900584792,-0.6865497076023391,-0.22190058479532163,-0.4261988304093567,0.25678362573099417,-4.9488304093567255,-0.021812865497075996,-0.008304093567251446,0.32514619883040935,0.7604678362573098,-0.18406432748538012,-0.3391520467836257,0.021491228070175436,-0.022807017543859626,-0.20523391812865496,-0.26997076023391814,-0.088918128654970785,-0.13219298245614036,-0.2664327485380117,0.2216374269005848,-0.06400584795321637,-0.9197163742690059,-0.2522280701754386,-0.21929532163742688,0.0037485380116959025,-0.12951461988304092,-0.3747251461988304,0.15799415204678363,0.30087134502923973,-0.17154385964912283,0.10859941520467836,-0.2171549707602339,0.46702046783625734,0.07866081871345029,-0.09043859649122804,-0.1993859649122807,-0.32084795321637427,-0.08842105263157894,0.03605263157894736,-0.22789473684210526,-0.29260233918128653,0.09383040935672515,-0.0337719298245614,-0.032397660818713446,0.12824561403508775,32.83
2026809.16.peg.2167_Epsilonproteobacteria_psychrophile,MKFSQTRMHSLTYHVPEKVLSSTEIENEISEVYNKLNMSPGRLEMMTGIKERRYWEKGTSPGKMAAIAGKSALEKADISPKDVDLLIFASVCRDFLEPATASVVHHELGLPASCNFFDLSNACLGVLNSIIVAANMIETGAIRCALVVSGENSGPLLFETLNYIKNSPDIKRKEIKKLFANFTIGSAAVGLVLTHKDFYPWGLKLLGGASLSDSTANNLCQGSGDVNSLMMETDSEKLMKAGIDLSKRTWEKTKETLNWSNHTPDWIIGHQVSKAHENELLKNLNLEDKNTYTTYEKFGNTGSAALPLTLAKLMDSKELAAGQSLALLGIGSGLSSIMLGVTC,2026809,91.89504373177843,-0.11749271137026242,1.1749562682215744,0.6418137259421111,30.67959183673469,343,37352.92564,6.7139388690459585,0.10997084548104952,-0.6445481049562681,-0.20431486880466476,-0.46131195335276964,0.28527696793002916,-4.915072886297375,-0.0539941690962099,0.0046938775510204245,0.319067055393586,0.7137317784256559,-0.12317784256559766,-0.35,0.06110787172011661,-0.02688046647230318,-0.1936151603498542,-0.2587463556851312,-0.11110787172011664,-0.0980174927113703,-0.25370262390670556,0.20857142857142855,-0.11661807580174927,-0.9105539358600583,-0.27352186588921285,-0.23440233236151606,-0.0308396501457726,-0.06839650145772594,-0.2921836734693878,0.10095043731778425,0.2192478134110787,-0.14899125364431487,0.04517784256559767,-0.1838279883381924,0.4685247813411079,0.029247813411078717,-0.12210204081632652,-0.12192419825072887,-0.29215743440233233,-0.06128279883381924,0.06556851311953352,-0.0787463556851312,-0.36862973760932943,0.0077259475218658885,-0.002390670553935849,-0.08518950437317784,0.03842565597667639,34.775
326427.4.peg.556_Chloroflexus_thermophile,MLFKHVMIEAVSYVLAPHRITSAWIEDQIAETMERLRFPRGKLEALSGIRERRFWDEGTLPSTVATMAAEQLLQQVSVDRDRIGLLINTSVCQDYLEPSTACFVHRNLGLSPRAINFDVRNACLGFLNGMAIAGMMIEAGTIEYALIVDGEGSQDAVMATIRRLRRPETTKQDLRDNFATLTLGSGGAAMLLTHECLSRSGHRLNGVVTLAATQYNHLCLGQPDYMKTDAGALMHAGVELATATWRLAQETLPNWSDRQIALYAPHQVGARHMAAVTKALGITPSKLFLNFPTLGNIGPAALPISLAQAVEAGRLRPGDHVGLLGIGSGLNCSMMSVTW,326427.4.peg.556_Chloroflexus_thermophile,96.78466076696165,0.06047197640117992,1.186991150442478,0.7092065995564268,44.84159292035398,339,36891.58554,7.291615915641975,-0.03368731563421833,-0.7227138643067846,-0.30230088495575225,-0.33070796460176993,0.2671976401179941,-4.927905604719764,-0.10616519174041295,0.006076696165191759,0.3451032448377581,0.7506489675516225,-0.21194690265486724,-0.325929203539823,0.05209439528023599,0.030294985250737483,-0.2142477876106195,-0.2705014749262537,-0.13339233038348083,-0.05380530973451329,-0.3002654867256637,0.18572271386430678,-0.07294985250737464,-0.9127905604719764,-0.2657669616519174,-0.2294306784660767,-0.004846607669616522,-0.13136283185840708,-0.3998967551622419,0.15082300884955752,0.2705427728613569,-0.08876696165191741,0.07295575221238938,-0.18469026548672565,0.4562064896755162,0.06709439528023599,-0.040545722713864286,-0.17855457227138644,-0.3268141592920354,0.016755162241887916,0.005545722713864302,-0.19109144542772863,-0.2475221238938053,0.07587020648967552,-0.035014749262536865,-0.04253687315634218,0.0472566371681416,34.155
575540.3.peg.2557_Isosphaera_thermophile,MRYSRVFVDAIGYELPPIVVSSDDLEERLAPVLSALRIPRGQLKAWTGIVERRWWEEGFPLAQGAIQAARRALEASRVRPHEIEAVIYGGVSRELFEPATACQVAADLGVADHAVVHDVSNACLGVLTGMVEIANRIELGQIRAGIVVSCESAREINEITIEELLAHVHDLERFKEGVATLTGGSGAAAVVLTDGSFGPEPGRRLLGGVTRTAPQFHALCRWGIEAVLTPAARCFRQFMSTDSLAVLKHGADLGFRTWGAFLRKLGWSQELIDKIICHQVGQSHRDAILRALGIAPEKDFPTYPYLGNIGTVSLPLTAALAEERGFLKPGDRVGWLGIASGLNCMMLGLEW,575540.3.peg.2557_Isosphaera_thermophile,102.5925925925926,0.12336182336182336,1.1217948717948718,0.7695200004232882,43.38290598290598,351,38118.88664,6.244546677888675,-0.03814814814814819,-0.7675213675213675,-0.33945868945868946,-0.36811965811965813,0.22960113960113962,-4.878803418803419,-0.1464387464387464,0.007122507122507137,0.3068945868945869,0.7877777777777778,-0.24792022792022791,-0.3187749287749288,0.028660968660968657,0.03450142450142452,-0.1982905982905983,-0.27951566951566953,-0.10891737891737895,-0.08216524216524218,-0.3783475783475784,0.2639316239316239,-0.04948717948717949,-0.9087207977207977,-0.28927065527065526,-0.21976638176638177,-0.006712250712250718,-0.18787179487179487,-0.4590598290598291,0.17671509971509972,0.35813960113960114,-0.1466923076923077,0.07315954415954416,-0.1793447293447293,0.5063874643874644,0.06425356125356126,-0.04425071225071222,-0.19210826210826212,-0.33008547008547007,0.015014245014245026,-0.00581196581196582,-0.2995441595441595,-0.2908262108262108,0.06925925925925927,0.030911680911680915,-0.0625071225071225,0.07917378917378919,31.56
BANHCEAM_01906_Planctomycetota_Ga0077529_UBA11888_marine,MQYQRAYLESFGYTLPKEIVSTDELEQRLAPVYERLRLPHGRLELMTGIQTRRFFPPHTSPSSKSILSGEKAIQASGIDRKHIGALVHGSVCRDFLEPATACGVHHGLKLSSDCLIHDASNACLGLLSGLIQVANMIELGQIRAGLVVGTECGRQLVENTIERLNTDSSLTRQDIKHLIASLTIGSGSVAMLLCNDELTQTGNRVTAASYLAHTDQHQLCQSEGLQSFMHTDSEQLMHEGVATGAETFAKFLTETGWPPEKIDKTVCHQVGVAQRKLLFETLELNPKIDYTTLETLGNTGAAALPLTMALALENGHILPKDRVAMLGIGSGINCLMVGVLWN,BANHCEAM_01906_Planctomycetota_Ga0077529_UBA11888_marine,98.12865497076024,-0.05029239766081874,1.2348830409356724,0.5881893701343041,38.55263157894736,342,37222.67934,6.385956534928099,0.08915204678362569,-0.7615204678362573,-0.3159356725146199,-0.4643859649122807,0.23576023391812864,-4.940263157894736,-0.04807017543859647,0.03222222222222224,0.3153216374269006,0.726111111111111,-0.14584795321637428,-0.3485380116959064,0.03807017543859649,-0.01657894736842103,-0.23225146198830413,-0.27049707602339185,-0.13274853801169595,-0.09692982456140352,-0.27809941520467835,0.1941812865497076,-0.08008771929824561,-0.9171578947368422,-0.2732514619883041,-0.23682456140350877,-0.02067543859649123,-0.08714912280701755,-0.3207456140350877,0.13087719298245615,0.23191520467836257,-0.1169122807017544,0.06641520467836258,-0.20461988304093565,0.4465614035087719,0.055350877192982456,-0.05511988304093565,-0.15888888888888889,-0.31856725146198833,0.023888888888888894,0.05160818713450292,-0.12222222222222223,-0.26403508771929823,0.0781578947368421,-0.04877192982456139,-0.037426900584795315,0.06660818713450292,38.875
KJAEJPNA_02951_Proteobacteria_NA_HK1_marine,LQYSRVHIDALGYELAPIVVGSDELEDRLSPVYKKLRIAPGQLEALTGIAERRWWEDGYTITEGAAAAANKALANAGLTGSDVDVLIYAGVCREHFEPATACAVGDAIGISQDAYVYDVSNACLGVLNGIIDIANRIELKQVRCGMVVACESAREIVGIAINRMLADPSMETFRDSIATLTGGSGAAAVILTDNSFSKPARRKLLGAAHKAAPEHHRLCRWGVTPGPGGLSDLILSPQRLESALEQLMAPETIPSVVRELLSDERLPRVFTRMLPAEKLPLVLTQFMSTDSVAVLRHGVELGVRTWGSFLKNMGWAKDHVDKVICHQVGAGHRDTILKELGIPPEKEYPTYPYLGNMGTVSLPLTAALAEQRQFLRTGDRVGFLGIGSGLNCLMLGFQW,KJAEJPNA_02951_Proteobacteria_NA_HK1_marine,101.00250626566417,0.05789473684210525,1.1284711779448622,0.9188191375220577,37.68496240601504,399,43138.68404,6.245723997776189,-0.008972431077694278,-0.7638847117794485,-0.2891979949874687,-0.4061403508771929,0.2650375939849624,-4.963809523809524,-0.14160401002506262,0.012807017543859663,0.3333583959899749,0.7711278195488722,-0.22275689223057643,-0.33769423558897244,0.0375187969924812,0.016766917293233104,-0.20283208020050128,-0.2889473684210527,-0.11822055137844614,-0.08937343358395992,-0.3513533834586466,0.23714285714285713,-0.036591478696741855,-0.9222481203007519,-0.28097744360902255,-0.22537092731829575,-7.493734335839649e-4,-0.15883208020050124,-0.43003258145363416,0.1367669172932331,0.30234335839598997,-0.15892230576441105,0.03058646616541354,-0.19165413533834583,0.4975037593984962,0.07724812030075187,-0.06752882205513781,-0.13531328320802005,-0.3364912280701754,0.008646616541353392,0.009448621553884703,-0.22075187969924812,-0.3169674185463659,0.05117794486215539,-0.0013533834586466097,-0.05897243107769423,0.09007518796992482,33.08
HBIFKGPJ_00817_Verrucomicrobiota_MB11C04_MB11C04_marine,MSFSRVVIEKMAYALPPQVVTSEQLEQNLEPLYERLNLQVGRLELMTGIKERRFWESNHKASQASAEAGVKLLEEGNIDPRDVDLLIHSAVCRDRLEPATASYVHKLMGLGHNTQILDISNACLGFLNALILAGSMIEQGTINRAIIVAGENGKPLVDETIKLLNEANLDRKSIKPFFANLTIGAGAVAWSICRDENQMKTLPRLSQFANSTDTSHNQLCEGDQSMNGMLMQTDSEELLHAGVTVASNAWEKFLKTSRWNSQTPELVVTHQVGRAHQQAIEKALSYNPKKSFTTYELLGNCGSVSLPITFTLACEKNPAFLQVKSALLGIGSGLSSLMLALNN,HBIFKGPJ_00817_Verrucomicrobiota_MB11C04_MB11C04_marine,96.44314868804665,-0.13673469387755105,1.3595043731778427,0.6261310736452624,36.277842565597666,343,37665.11204,6.312858313547915,0.10297376093294457,-0.5932944606413995,-0.28335276967930034,-0.5021282798833819,0.33862973760932946,-4.82405247813411,0.017084548104956288,0.039591836734693894,0.30498542274052476,0.6916326530612245,-0.11676384839650147,-0.3379591836734694,0.026997084548104955,-0.039941690962099104,-0.18364431486880467,-0.2259183673469388,-0.14279883381924202,-0.09413994169096211,-0.25775510204081636,0.19064139941690958,-0.10816326530612246,-0.9000116618075802,-0.26888921282798833,-0.24348688046647232,-0.03226530612244898,-0.06457434402332361,-0.2534431486880467,0.11634985422740525,0.21691545189504374,-0.17,0.10256268221574345,-0.16918658892128277,0.4516472303206997,0.06422740524781341,-0.07586880466472301,-0.17854227405247813,-0.2750728862973761,-0.03049562682215743,0.0815743440233236,-0.11475218658892128,-0.31708454810495623,0.04454810495626822,-0.04860058309037899,-0.016093294460641387,-0.0629737609329446,34.975
LEOFMAAP_01462_Desulfobacterota_UBA2156_UBA2156_marine,MRYSKVYIDSLGYELPPQVVTSEDLEKKLKPLYKALHFQKGQLEVLTGIHERRFWKPNYKMSEGAIRAARKVIEDSNISAEDIGILIYGGVCRDNAEPATACAVSHGLCLGTETQVYDISNACLGVLNGMVHVANAIELGQVRAGLVVACESSREIIDITTDRLVETKDINFLKNNIATLTGGSGSVAVLLTDQSLSSRGHRLLGGVARSANEHHKLCMWGMETEVSSQGTHFIETDSIEILKHGVTLGGKTFKTFQKTLNWLDNAPDKIICHQVGATHQRNILSAIKIPKEKDFTTFKYLGNIGSVSLPITAAIAAEREFLVKNDRVGFLGIGSGLNCLMLGIEW,LEOFMAAP_01462_Desulfobacterota_UBA2156_UBA2156_marine,99.47976878612717,-0.05173410404624279,1.2469942196531791,0.8045356431503464,40.71907514450867,346,37854.51534,7.296027862331585,0.12187861271676297,-0.7154624277456647,-0.3525144508670521,-0.4583815028901734,0.20725433526011564,-4.841011560693642,-0.015173410404624261,0.027109826589595393,0.3082947976878613,0.726907514450867,-0.1390751445086705,-0.33713872832369945,0.05349710982658959,-0.028294797687861247,-0.19393063583815032,-0.2491907514450867,-0.1224277456647399,-0.0732369942196532,-0.2726878612716763,0.24835260115606933,-0.1234393063583815,-0.8999046242774567,-0.28291907514450865,-0.22939017341040463,-0.023661849710982664,-0.09457225433526012,-0.3032369942196532,0.12228034682080924,0.25514450867052024,-0.16883236994219655,0.040210982658959546,-0.1645809248554913,0.44577456647398844,-0.04460115606936416,-0.024109826589595353,-0.12771676300578036,-0.28817919075144505,0.09072254335260116,0.08265895953757225,-0.12439306358381502,-0.2933815028901734,0.02005780346820809,0.08797687861271676,-0.05216763005780346,0.024017341040462433,33.54
EHFHOKCJ_02025_Acidobacteriota_UBA8438_UBA8438_marine,MRYSHVNIESIGYELAPHVVTSAALEDRLAPIYDALRLPTGQIAALTGVRERRFWDAGQRMSDAAAKAGRKALSAAGVAPDEIGMLVYGGVCRDNLEPATACATADALGIRGAAIVHDTCNACLGVMNAMFQVANAIELGQIQAGLVVSCESARQIVDLTIARMAAAPSMEVFKKSMATMTGGSGAIGIVLTRASRSAGGHRLVGGVVHAAPEHHALSHWGADPDDVSDGHSLVMETDAVGTLHHGVALGTDAFQAFVSELDWPGGPDRVICHQVGAPHRAAILSAMDIPVERDFSTFEHLGNIGTVSIPITAAIADERGELQRGQRVGFFGIGSGLNCLLLGLEW,EHFHOKCJ_02025_Acidobacteriota_UBA8438_UBA8438_marine,94.85549132947978,0.18265895953757225,0.9873988439306358,0.7930741372239261,27.515606936416184,346,36171.19724,5.84103531696274,0.14523121387283236,-0.9482947976878612,-0.1536705202312139,-0.35329479768786126,0.2758381502890173,-5.393323699421965,-0.29121387283236994,0.07433526011560695,0.36115606936416184,0.9267052023121387,-0.27442196531791907,-0.3971676300578034,0.0549421965317919,0.013699421965317935,-0.34066473988439305,-0.42997109826589597,-0.14456647398843933,-0.13121387283236996,-0.34921965317919074,0.25109826589595374,-0.09031791907514451,-0.9896300578034681,-0.30208959537572255,-0.2661965317919075,0.024823699421965315,-0.15322832369942196,-0.6120895953757226,0.17383236994219653,0.3844653179190752,-0.14647109826589597,0.020913294797687873,-0.3084479768786127,0.491878612716763,0.00434393063583815,-0.1204566473988439,-0.18852601156069365,-0.4819364161849711,-0.010462427745664731,-0.013988439306358387,-0.2114161849710983,-0.21956647398843931,-0.0465028901734104,0.09008670520231214,-0.06710982658959537,0.06734104046242775,35.605
BOCAEBNK_01452_Planctomycetota_Pirellulaceae_UBA11883_marine,MQYTNVNLEALGYTLPPNSISTSELEAELAPVYQRLSLPEGRLELMTGISARRYWDSDTLPGDKSIESGNSAIQDSGIDRNSIGMLVHGSVCRDHLEPATAARVHHELGLSADCHIYDVSNACLGQLNGIIQAANAIELGQIQAALIVGTEDSRHLMHSTINHLNTDLSITRSSIKNTIASLTIGSASSAILLTHRSISTHDNPIVAAAAQSDSRHHKLCHSGRDEAVSDGMHPLMNTDSETLMHEGIQTGVRTFEQFLNRSKWRRDEISRSYCHQVGSAHRKLMLDSLGLPLDRDFTTFQWLGNTGSAALPVTLAIGIEQQAINESEKIAMLGIGSGINCLMIAAQLSSVAVGTNTPAADIMSQMS,BOCAEBNK_01452_Planctomycetota_Pirellulaceae_UBA11883_marine,93.65122615803814,-0.15231607629427796,1.5681743869209808,0.7918007504116353,47.26485013623979,367,39569.51914,5.909209375755431,0.30950953678474113,-0.6923705722070844,-0.1833514986376022,-0.4816621253405994,0.32964577656675753,-5.068610354223433,-0.09040871934604902,0.12623978201634878,0.28463215258855584,0.7844686648501362,-0.09536784741144415,-0.383732970027248,0.05700272479564032,-0.07035422343324249,-0.24896457765667576,-0.319591280653951,-0.17782016348773844,-0.14689373297002728,-0.21373297002724798,0.15686648501362396,-0.06923705722070844,-0.9369727520435968,-0.27779019073569483,-0.3141880108991826,-0.0423433242506812,-0.0013242506811989019,-0.384574931880109,0.14284196185286105,0.21458310626702995,-0.12165667574931881,0.011239782016348782,-0.25081471389645776,0.40783378746594,0.0242425068119891,-0.09016076294277926,-0.10637602179836513,-0.3668392370572207,0.03362397820163488,0.08626702997275204,-0.16923705722070845,-0.1849318801089918,-0.15583106267029972,-0.05351498637602179,-0.03558583106267029,-0.05005449591280654,37.595
LNBHEIKM_01765_Verrucomicrobiota_Opitutaceae_UBA5691_marine,VRIQSTVIDSIAYVSPPSVWSSEYIEKKLGPLYERLRLPEGRLRLMTGIRERRFWDHLIRPSEASAEAGREALKRSGIAAEAIEVCIHCSVSRDMLEPASASFAHRLMGLSPKTQVFDVSNACLGFLNSLTILSAMIDSGQVRSGIVVSGENGRPLLERTIQLLLEGDFDRKTIKPYFANLTIGAGAVAAVVCHESMSPSGHRLLGGAYLADTTNNDLCQGDSNAEGLGYEMQTDSEEMLYAGVNLAERTWELFRSELNWKTKTVDRVVCHQVGSAHQKLLFETLGLDTDRDYSTFAEYGNTGSAALPLTLAKAAADGFINKGDKVGLLGIGSGLNCLMLGVEW,LNBHEIKM_01765_Verrucomicrobiota_Opitutaceae_UBA5691_marine,93.60465116279069,-0.0802325581395349,1.4213662790697674,0.7889905868240837,34.45029069767442,344,37461.64474,5.443329473430247,0.1573837209302325,-0.6888662790697674,-0.24970930232558142,-0.4850872093023256,0.2333139534883721,-4.905319767441861,-0.03584302325581393,0.03706395348837211,0.28593023255813954,0.7851744186046512,-0.15075581395348836,-0.342296511627907,0.04290697674418604,-0.03299418604651161,-0.18375,-0.2812790697674419,-0.07613372093023259,-0.12616279069767444,-0.26912790697674416,0.21953488372093022,-0.09694767441860465,-0.9114040697674419,-0.2578343023255814,-0.23613953488372094,-0.014122093023255818,-0.10261046511627905,-0.41018895348837214,0.12961918604651163,0.31063081395348835,-0.1700668604651163,0.027718023255813955,-0.1977005813953488,0.48299127906976747,0.015636627906976744,-0.07412790697674415,-0.11264534883720931,-0.3151453488372093,-0.008982558139534878,0.055726744186046506,-0.24267441860465117,-0.3117732558139535,0.019825581395348842,0.015087209302325587,-0.08706395348837208,0.09165697674418605,29.77
MDAOOEFB_04742_Myxococcota_UBA6777_UBA6777_marine,MRYNKVYIESIGYELAPHVVGSDDIEEQLAPLYKKLHIPEGQLEAWTGIEERRFWDIQHTMAEHAAVAGKDALERAGVEASQIEMLIYGGVCRDNLEPATACAVADAVGIPQAAQIFDVSNACLGVLTGVLQVANAIELGQIKAGLVVSCESSRQIVEATIQELLEKSDMDTLRTSIATLTGGSGAVGVVVTHESITKGGHKLVGGIVKNASEHHELCRWGPDSGIPATRPMVMETDALGVLKYGVILGAQTYRAFREELGWELPDKVICHQVGSAHQEQILKTLEIPAGRDFTTYEYLGNMGTVALPLTASIADERGFLQSGDKVGFLGIGSGLNCLMLGLEW,MDAOOEFB_04742_Myxococcota_UBA6777_UBA6777_marine,100.37790697674419,0.05145348837209301,0.9515406976744185,0.6393160247151577,36.51366279069767,344,36967.20894,4.63827958106475,0.060843023255813915,-0.891656976744186,-0.3036918604651163,-0.5325,0.1947093023255814,-5.061773255813954,-0.1268895348837209,0.0516279069767442,0.3363081395348837,0.8072965116279069,-0.20162790697674418,-0.370843023255814,0.002441860465116276,8.139534883721147e-4,-0.25290697674418605,-0.3302325581395349,-0.12005813953488376,-0.15744186046511632,-0.38375,0.26252906976744184,-0.1311918604651163,-0.9377500000000001,-0.30243313953488377,-0.2334127906976744,-0.002066860465116284,-0.12615116279069769,-0.4290319767441861,0.12256104651162791,0.32586046511627903,-0.17777034883720932,0.062462209302325586,-0.21857558139534883,0.490796511627907,-0.008372093023255815,-0.12044186046511625,-0.19784883720930233,-0.37058139534883716,0.013023255813953492,0.033110465116279054,-0.16450581395348837,-0.26473837209302326,0.038197674418604645,0.09447674418604651,-0.12779069767441859,0.03148255813953489,35.61
KMMHOJIE_01354_UBP17_UBA6191_UBA6191_marine,MMYSNVYVGGMGYEIPRNVLKTEIMEKQLAPVYGQLNIGPGKLQMMTGLKQRRFWNDNLRPSEAATKAAIRALEQSPISTDQIGALVNCSVCRDYLEPSTATIIAKSLKLKSDTILFDVSNACLGFATGLSVVSNMIELGQIEAGIVVSAEAASEVVENTIKTLVENPSEELLLASIPSLTLGSGSVAYILCKKDIAPRGLQFEGGISLNDSQQSNLCLWGPDTGFPSQTNHTMVTDGKTLLDKGTKLAAQTWSKFTKLTGHSKSSMDVIFSHQVGILHRNVVFEALGLDVSKDFTTFEYLGNTGSVAMPITMAIGIEKGAFEPGQRAVLMGIGSGLVCTMYSVRWEAGA,KMMHOJIE_01354_UBP17_UBA6191_UBA6191_marine,94.17142857142858,0.072,0.9122285714285714,0.6358338495861668,37.01914285714286,350,37587.27984,5.75360104277814,-0.018057142857142897,-0.8323714285714285,-0.2534,-0.5327999999999999,0.24045714285714284,-5.085971428571428,-0.1269142857142857,0.02220000000000002,0.3559142857142857,0.7609142857142857,-0.18654285714285715,-0.36602857142857137,0.04877142857142857,0.012942857142857162,-0.25642857142857145,-0.31520000000000004,-0.1484857142857143,-0.09008571428571431,-0.33225714285714286,0.1555142857142857,-0.11494285714285715,-0.9419714285714286,-0.29428,-0.23763142857142858,0.00948571428571428,-0.10881142857142856,-0.38389142857142866,0.08368857142857143,0.23955142857142858,-0.14704857142857142,-0.014537142857142847,-0.20733714285714286,0.4775914285714286,0.017828571428571426,-0.0789942857142857,-0.09334285714285714,-0.3566857142857143,0.06131428571428572,0.02988571428571428,-0.05982857142857143,-0.30917142857142854,0.025028571428571435,0.0057142857142857256,-0.13582857142857144,-0.03585714285714285,34.07
DFCJGBFB_01261_Planctomycetota_Planctomycetaceae_Fuerstia_marine,MRYEHVCVEAVVHNPPPEVVTSEQIEDHLAPVYERLRLPAGRLELMTGIEERRFYQVGTLPGSISQQTVKMAVEQSGVAADEFGALLHGSVCRDRMEPATATGVHAASGLPDQCVVMDVSNACLGLLNGMLLIADMIELGRIRAGVIVGTETGRGLVEGTIHSLLHDETLTRQSIKAAFASLTIGSGSAAVVLTHQQISKTNHRLLGGAVRSDTAHHELCAGDVDIQDGRPRMNTDSEALLHAGIALAEKTWAEARSELGWSNSDVDRIYTHQVGRQHRKLLVERLELDPQRDYPTVERFGNTGAVALPMAMAMGLQDDPPAKGTKLALLGIGSGLNSVMLGIECG,DFCJGBFB_01261_Planctomycetota_Planctomycetaceae_Fuerstia_marine,96.1271676300578,-0.07601156069364164,1.4252890173410404,0.690714588085394,34.66184971098266,346,37140.33414,5.695750785623542,0.22644508670520225,-0.8378901734104045,-0.31884393063583816,-0.4396820809248555,0.2556647398843931,-5.116994219653179,-0.06690751445086703,0.039161849710982674,0.33901734104046244,0.8010115606936415,-0.17696531791907513,-0.37413294797687857,0.036242774566473984,-0.05263005780346819,-0.2632947976878613,-0.332485549132948,-0.1136705202312139,-0.1419364161849711,-0.3082658959537572,0.2678612716763006,-0.049075144508670523,-0.9480520231213874,-0.27047109826589594,-0.25790751445086707,0.002760115606936413,-0.1063092485549133,-0.4333843930635839,0.16433236994219655,0.3036965317919075,-0.22587572254335261,0.058936416184971106,-0.26110693641618493,0.4682052023121387,0.05636705202312139,-0.06828034682080922,-0.17598265895953757,-0.3794508670520231,0.0173699421965318,0.07904624277456647,-0.16658959537572254,-0.22924855491329477,0.012630057803468205,0.004710982658959542,-0.09364161849710982,0.1241907514450867,35.805
GCDEAADJ_01881_Planctomycetota_Pirellulaceae_UBA721_marine,MRYKNVVIESLGYTLPPVIVSTDALEQELQPAYQRMRLPEGRLELMTGIRERRFWEPGTLPGDKSIESGQQAIAVADIDPQKIGMLIHGSVCRDHLEPATACRVHHALGLRRDCTIYDLSNACLGQLNGIAMAANAIELGQIEAALIVGTEDSRPLVENTVRSLNQDHVWTRKTVKMAVASLTIGSASSAILLTSRAISQTDNLLHAVTAQANTEFHNLCQSGKDEAVGEEMRPLMHTDSERLMAEGIAMGKMTFEQFLKDTQWQRGDLHRSFCHQVGAAHRKLMLESLQLPEANDFTTFQWLGNTGSAALPVTLAVGLEQGFVEPQENVGLLGIGSGINCLMVGVSFNEVRVGTQTPG,GCDEAADJ_01881_Planctomycetota_Pirellulaceae_UBA721_marine,92.39554317548746,-0.12451253481894153,1.435598885793872,0.6493696905568215,46.0108635097493,359,39194.73914,5.572148535058685,0.15005571030640663,-0.7104735376044569,-0.3128690807799443,-0.4632590529247911,0.25793871866295265,-4.910752089136491,-0.01802228412256265,0.035041782729805036,0.3079944289693593,0.7348467966573816,-0.14707520891364903,-0.3488022284122563,0.017855153203342616,-0.042757660167130895,-0.22019498607242344,-0.27038997214484684,-0.11963788300835658,-0.12033426183844013,-0.274066852367688,0.20389972144846794,-0.07233983286908079,-0.9145933147632312,-0.26537883008356544,-0.24395264623955434,-0.01122005571030641,-0.08559610027855152,-0.3416434540389972,0.1482367688022284,0.2552869080779944,-0.1827409470752089,0.07726462395543177,-0.2105208913649025,0.41849582172701955,0.059189415041782725,-0.06010027855153201,-0.17880222841225626,-0.3166016713091922,0.011476323119777164,0.0781058495821727,-0.1376323119777159,-0.2067409470752089,0.06286908077994428,-0.02256267409470751,-0.05930362116991643,-0.006267409470752086,36.235
GPLNKHOO_02694_Proteobacteria_Alteromonadaceae_Colwellia_marine,MKYSRVFINSLAYELAPEVVTSAELESRLTPLYQKFRIPMGQLNALTGIEERRWWPADHMLSDGAIVAAQKAMTETGIDVADIGAVVYTGVCRDQHEPATACRIAAKLGVLKNTAIYDISNACLGVLSGILDIANRIELGQIKAGLVVSCESARHIVDVTIDDMLADPSMQNYARSLATLTGGSGAVAVLLTDGTLNLDTDRNHQLLGASHLSAPEHNNLCQWGLKKVGPQLFREFMRTDAVSLLKEGVSLAKDTWEHFLEQREWVEENVDKVICHQVGAANQKKVLTALNIPAVKEFPTFKHLGNMGTVSLPVTAAMAHDQGFLQKGDNVSFLGIGSGLNCMMLGLKW,GPLNKHOO_02694_Proteobacteria_Alteromonadaceae_Colwellia_marine,99.51289398280802,0.03524355300859597,1.0746418338108883,0.7972900629687291,26.700286532951292,349,37953.67314,6.177080156681835,0.01787965616045841,-0.7155587392550143,-0.26994269340974214,-0.41684813753581657,0.2764183381088825,-4.929111747851003,-0.09759312320916905,0.03911174785100288,0.34137535816618914,0.7411174785100286,-0.18177650429799427,-0.3468194842406877,0.023782234957020053,0.008538681948424092,-0.21484240687679085,-0.26386819484240687,-0.1639541547277937,-0.0953868194842407,-0.2902865329512894,0.20143266475644697,-0.11567335243553008,-0.9156561604584528,-0.28155014326647565,-0.23321489971346704,-0.011756446991404016,-0.10350429799426933,-0.3359713467048711,0.12524641833810887,0.25216905444126075,-0.1740114613180516,0.08863323782234957,-0.18028653295128938,0.458297994269341,0.00999426934097421,-0.0786103151862464,-0.19074498567335246,-0.31882521489971344,-0.0016618911174785048,0.030945558739255006,-0.11123209169054442,-0.30659025787965616,0.021002865329512888,0.018853868194842412,-0.04699140401146131,0.03659025787965616,33.39
DEBJIJGM_01967_Planctomycetota_Pirellulaceae_SAT2750_marine,MQFQRVRLASIGYTLPQEVLSSDWIENQLAPLYTRLGLPPGRLELMTGISQRRQWPAGTMPSERSAESGNRALAVGGIPPEKVDLLIHGSVCRDYLEPATASRVHHLLGLGADCHLYDVSNACLGLLNAMVQAAAMIETGQVRAALVVGTEESRYLLETTIQMLNNDSSLTRQDIKLTLASLTIGSGSAALLLAHEDLAPQASPLLSATAFASTEHHELCQSIQDEAVSEQMQPLMHTDSEALMREGIRTGQQTFERFLAQSGWSAGDIDRTICHQVGGAHRTSLLETLQLDEANDFASFPWLGNTGSVALPITLAVAAEQQFLQPDQKLALMGIGSGINCLMLGARWGETPVAGNSELIGHQAEPPPVTSSISR,DEBJIJGM_01967_Planctomycetota_Pirellulaceae_SAT2750_marine,95.57333333333334,-0.058400000000000035,1.2471999999999999,0.7785395683340887,45.302666666666674,375,40335.75104,4.773793676646223,0.07879999999999995,-0.7629333333333332,-0.23128,-0.5084266666666667,0.33877333333333337,-5.063759999999999,-0.13943999999999998,0.07677333333333335,0.3059466666666667,0.78392,-0.16858666666666666,-0.36711999999999995,0.016506666666666663,-0.014373333333333314,-0.24344000000000002,-0.31997333333333333,-0.14597333333333334,-0.13968000000000003,-0.32517333333333337,0.1576533333333333,-0.044719999999999996,-0.9404426666666666,-0.27911733333333333,-0.27141866666666664,-0.019589333333333337,-0.08665866666666666,-0.4243466666666667,0.13687733333333332,0.2707173333333333,-0.11493866666666668,0.04988266666666667,-0.239816,0.48034666666666664,0.13552533333333333,-0.12338133333333332,-0.16368000000000002,-0.36909333333333333,-0.06071999999999999,0.025013333333333325,-0.18989333333333336,-0.2628,0.03266666666666667,-0.1348,-0.06653333333333332,-0.0272,34.1
JICLLOGD_01998_Verrucomicrobiota_Opitutaceae_UBA5691_marine,VHIKSTVIDSLAHVVPPEVWTSTDIEEKLKPLYDRLHLPEGRLELMTGIRERRFWNHAIRPSEASAEAGIKALEKSKIPPDKIEVCLHCSVSRDMLEPATASFAHRLMGLSPNVQVMDVSNACLGFLNSLTLLSAMIDSGQVRSGIVVSGENGKPLLERTIQLLLERKLTRKTIKPYFANLTIGAGAVAAVVCHESLSPNGHRLLGGVCLADTSNNDLCQGDSNAEGFGYEMQTDSEEMLHAGVSLARRTWESLKSELNWQNDDADRVICHQVGSAHQKLLFDTLGLDLKKAYSSFQTCGNTGSAALPITLAKAEEGGFVKKGDLVAMLGIGSGLNCLMLGAEW,JICLLOGD_01998_Verrucomicrobiota_Opitutaceae_UBA5691_marine,96.13372093023256,-0.08430232558139537,1.3090697674418605,0.7401865528953357,28.863081395348836,344,37314.77674,6.285213959552622,0.1648837209302325,-0.6953197674418604,-0.2246511627906977,-0.4332267441860465,0.2745639534883721,-4.968837209302325,-0.060755813953488357,0.014011627906976758,0.3158720930232558,0.7479360465116279,-0.1491279069767442,-0.35276162790697674,0.04523255813953488,-0.03613372093023254,-0.21747093023255815,-0.2779651162790698,-0.10686046511627909,-0.11656976744186048,-0.26383720930232557,0.23084302325581393,-0.07325581395348837,-0.9230610465116279,-0.26691569767441864,-0.24205523255813952,-0.017563953488372096,-0.09268313953488372,-0.34435755813953495,0.14790116279069768,0.2604796511627907,-0.1822122093023256,0.05924127906976744,-0.21846511627906973,0.4615203488372093,0.05242732558139535,-0.0939738372093023,-0.14380813953488372,-0.32061046511627905,-0.04848837209302326,0.05578488372093022,-0.15020348837209302,-0.31738372093023254,0.01819767441860465,-0.02985465116279069,-0.06264534883720929,0.10284883720930234,31.045
KBIHHBEC_00076_Planctomycetota_NA_Brocadiae_marine,MKYSRVYLDTIGYELAPVVVTSEELEARLQPLYEALHIPSGQLEAITGIYERRWWEPDYSLSRGATLAAQKAIEISSVRPQDVDVLIYAGVCRENFEPATACSVAAGLGVNSSAAIYDVSNACLGVMNGIINIANQIELGQIRAGMVVSCETAREINDTMIQRMLEAQDMELFKLALATLTGGSGAAAVLLTDRELSGLDRHRLLGGVTQAAPEHHGLCRWGIDQVHDFNFVQSMSTDSVSILKFGVELGVKSWRALLTEIGWTADDVDKVICHQVGSGHRDTILEMLNIPIEKDFSTYEYLGNIGTVSLPLTAALAEEREFLQPGDRVGFLGIGSGLNCLMLGLEW,KBIHHBEC_00076_Planctomycetota_NA_Brocadiae_marine,104.0057636887608,0.10720461095100864,1.069193083573487,0.7629013572511198,39.20922190201729,347,37821.15624,4.419433088074473,-0.02170028818443809,-0.7663400576368876,-0.2711239193083574,-0.5548991354466858,0.21331412103746397,-4.900230547550432,-0.08074927953890487,0.07103746397694526,0.3215273775216138,0.7654755043227666,-0.18602305475504322,-0.3467723342939481,-0.011585014409221906,0.026195965417867454,-0.199135446685879,-0.2742363112391931,-0.1501440922190202,-0.165821325648415,-0.3408933717579251,0.1865994236311239,-0.1293083573487032,-0.9114812680115274,-0.29044956772334296,-0.23893083573487034,-0.013340057636887613,-0.10263400576368875,-0.3732795389048992,0.10712968299711816,0.2764985590778098,-0.13713832853025937,0.07003746397694524,-0.16990201729106624,0.48205763688760805,-0.003988472622478386,-0.10074063400576368,-0.17319884726224785,-0.3251008645533141,0.03072046109510087,0.006570605187319874,-0.23997118155619596,-0.26956772334293944,-0.0029394812680115247,0.049106628242074936,-0.08233429394812679,0.022190201729106636,32.56
IGJJDNCB_00140_Nitrospinota_Nitrospinaceae_UBA8687_marine,MRFKNVCIEGLGYHLPENRITSTDLEKRLSPLYKKLKLPQGRLELMSGIQERRFWDKGVFPSEVATIAGKKAIDHSGIDIKDIGCLISASVCRDFLEPSTASLVHNNLGLPKESFVFDVSNACLGVLNGMCIIANMIERDQIKAGLVVSGENGGPLVNNTIETLLARTDVTRNNVKSSFASLTIGSAAAGILLVKSSLSKNKHQLMGGISIAETSFNHLCRGNGDAGFDQAPLMETDSEKLMLEGCRLAGRTWGRTREILGWNNEDVSRVFCHQVGKGHRKLMYENVGLDIEKDFSTLEFLGNTGSASLPVTFAIGVEKCPLKKGDKAALLGIGSGLNCLMMGVEW,IGJJDNCB_00140_Nitrospinota_Nitrospinaceae_UBA8687_marine,94.68208092485548,-0.06502890173410407,1.302543352601156,0.683468957904617,31.042196531791905,346,37559.36604,7.910739709460552,0.16979768786127164,-0.7074855491329479,-0.25520231213872835,-0.44161849710982654,0.2227456647398844,-4.973092485549133,0.02005780346820811,-0.03768786127167629,0.3438728323699422,0.7556069364161849,-0.1608670520231214,-0.34167630057803466,0.06459537572254334,-0.032543352601156046,-0.2147976878612717,-0.28502890173410406,-0.029335260115606963,-0.09170520231213874,-0.2516184971098266,0.27722543352601153,-0.13708092485549134,-0.9229161849710983,-0.2502485549132948,-0.2153063583815029,0.005598265895953753,-0.11646531791907513,-0.3225,0.1346098265895954,0.2868121387283237,-0.16651734104046242,-0.00426011560693641,-0.2058728323699422,0.4524653179190751,-0.028609826589595377,-0.06968497109826587,-0.07552023121387284,-0.30754335260115606,0.012080924855491334,0.06326589595375721,-0.12329479768786128,-0.3029479768786127,0.09156069364161849,0.10271676300578035,-0.06621387283236993,0.06289017341040463,33.155
CAPHBDKE_00217_Proteobacteria_UBA4486_UBA7359_marine,MKYSRVHMESIGYELPPVVITSEDLEQRLMPMYDALHIAPGQLESLTGIYERRWWEKGHILSDGAASAAKKALEQSNVEAKDIEALVYTGVCRENFEPATACAVAAQLGISDDANIYDISNACLGVMNGIIDIANRIELKQIRAGMVVSCETSREIVEIMIERMLKDKTIDMFSSSLATLTGGSGAAAVLLTDGSFDNKETHRLLGGANQSAPEHHKLCRWGVSISPVAIGEFVFSPDKLLAAIDQIMKPDVIPSVVKEVMSSDKLPPALSSVLPKEKLPAALSEFMSTDSVSVLKHGAILGVKTWGSFLMKMGWARDQVDKVICHQVGEGHRDTILKELGIAPEKDFSTYKYLGNIGTVSVPLTAAIADQRQFLKKGDRVSFLGIGSGLNCLMLGWEW,CAPHBDKE_00217_Proteobacteria_UBA4486_UBA7359_marine,97.5438596491228,0.020050125313283193,1.0824561403508772,0.781246803985735,44.98070175438596,399,43453.15834,5.459975335773776,0.02466165413533831,-0.7033082706766918,-0.23882205513784463,-0.4289974937343358,0.2519548872180451,-4.901303258145363,-0.09273182957393482,-0.017619047619047604,0.33205513784461155,0.7085714285714285,-0.17844611528822055,-0.34448621553884706,0.02784461152882205,0.0013283208020050349,-0.19794486215538848,-0.2559649122807018,-0.16020050125313284,-0.11145363408521307,-0.30701754385964913,0.19538847117794483,-0.05852130325814537,-0.9110802005012532,-0.2800275689223058,-0.226531328320802,-0.01441102756892231,-0.11091228070175438,-0.32546115288220556,0.12723558897243106,0.24271679197994986,-0.1738796992481203,0.06987719298245615,-0.1740927318295739,0.45140852130325815,0.041433583959899746,-0.09664661654135336,-0.166140350877193,-0.3067167919799499,-0.014360902255639092,0.03844611528822054,-0.1105764411027569,-0.30714285714285716,-0.05842105263157894,0.002355889724310786,-0.10493734335839598,0.02716791979949875,32.805
AGKJGFPI_02100_Gemmatimonadota_UBA6960_UBA822_marine,LRYTRVVIERFGYELAPCVVTSDELENRLAAVYQKLHVQPGQLFQMTGIQERRYWEPGYSVSQGATAAAEHALSDSSVPANALDMLIYAGVCREHFEPATACHVAAGLKRVGHNIKESAHVYDVSNACLGVLNGVLDIANRIELGQIRAGMVVSCETARNIVDTTIARLTNNPIMEEFKAAIATLTGGSAAVAVILSDGSFGESDRRRLRGAVVENAPEHHMLCRWGLEAHPVGQANGTEAVLREFASTDAAAVLEHGVALGSRTWDKFLTEMEWSVENVDRTVCHQVGSAHRDVMLRTMGLSPEQDFVTYEYLGNTGTAALPVAAALAHERGFLAPGQRVGLLGIGSGLNCMMLGVDW,AGKJGFPI_02100_Gemmatimonadota_UBA6960_UBA822_marine,91.86629526462396,0.01002785515320333,1.298607242339833,0.7008929542255897,32.9183844011142,359,38770.00864,5.71703037631547,0.16467966573816153,-0.7711699164345402,-0.24362116991643457,-0.40281337047353755,0.21827298050139277,-5.012924791086351,-0.1428412256267409,0.08309192200557104,0.28866295264623953,0.8284122562674094,-0.19495821727019497,-0.3597493036211699,0.03473537604456824,-0.023676880222841205,-0.25740947075208914,-0.3164623955431755,-0.1306406685236769,-0.11796657381615601,-0.29512534818941505,0.22849582172701946,-0.10571030640668524,-0.9288022284122562,-0.28193871866295267,-0.24218941504178274,-4.1504178272980886e-4,-0.11643732590529249,-0.49263231197771595,0.1604540389972145,0.3305961002785515,-0.22585515320334265,0.08077994428969361,-0.2363844011142061,0.4477855153203342,-0.0027855153203342623,-0.050554317548746494,-0.20200557103064065,-0.36919220055710306,0.03122562674094708,0.04295264623955431,-0.21832869080779943,-0.22493036211699163,-0.004707520891364903,0.06231197771587744,-0.07016713091922006,0.0938440111420613,34.15
COMALLLH_01633_Proteobacteria_Alteromonadaceae_Colwellia_marine,MKYTRVFINSLAYELAPEVITSNALESRLAPLYQKYRIPMGQLAALTGITERRWWPKEHILSDGALAAAEKAIKETGISVSDLGAVVYTGVCRDQHEPATACRIAAKLGVSKETAIYDISNACLGALSGILDIANRIELGQIKAGLVVSCESARHIVDVTIDDMLADPSMQNYAQSLATLTGGSGAVAILLTDGSFDLTTDRNHQLLGASHLSAPEHNGLCQWGLKEVGPQLFREFMRTDAVTLLKEGVSLAKDTWEHFLEQRDWMTEQVDKVICHQVGAANQKQVLTALGIPTYKEYPTYQLLGNMGTVSLPVTAAMAHDQGFLKTGDNVSFLGIGSGLNCMMLGLKW,COMALLLH_01633_Proteobacteria_Alteromonadaceae_Colwellia_marine,98.16618911174785,0.02693409742120342,1.0052148997134671,0.7972900629687291,25.685673352435533,349,37838.42444,5.820640840968922,-0.002979942693409787,-0.76567335243553,-0.27475644699140406,-0.4524068767908309,0.24888252148997134,-4.958366762177651,-0.12332378223495699,0.050028653295128955,0.33512893982808023,0.7644699140401147,-0.1787106017191977,-0.3503724928366762,0.030573065902578793,0.014355300859598876,-0.2126647564469914,-0.2820057306590258,-0.15392550143266479,-0.09286532951289402,-0.30965616045845273,0.1810315186246418,-0.12160458452722063,-0.9185042979942694,-0.28445558739255017,-0.23411461318051577,-0.013489971346704875,-0.10349856733524354,-0.3816704871060172,0.10903438395415473,0.26750143266475646,-0.1272378223495702,0.06268767908309456,-0.18272206303724928,0.4734555873925501,0.008882521489971347,-0.08789684813753579,-0.1718051575931232,-0.33140401146131804,1.4326647564470396e-4,0.02340974212034383,-0.13372492836676217,-0.3107163323782235,0.03799426934097421,-0.005759312320916899,-0.08226361031518624,0.028194842406876794,32.71
EOFIDKNB_01110_Gemmatimonadota_UBA6960_UBA1138_marine,MKYSKVHLEAIGYELAPVVVTSDELEERLEPLYKKLHIPQGSLETLTGIAERRWWEPKHSLSGSAAAAAKRALARTGVPAEALETVVYAGVCRENFEPATACAVAVELGVKGAVSVYDISNACLGILNGIHEIANRIELGQIRAGIVVSAETAREIVDVTIERMLSDATMAAYTGGLATLTGGSGAVAVLITDGSFDNDGTHRVLGGAQRAAPEHNDLCRWGLADAPTLHDTEPLRQWMYTDAASVLQHGVTLANKTWQDFLGQMAWDPDQVDRVICHQVGTVHRDTILGSIGIDRKRDFSTFPYLGNIGTVSLPLTAALAAEREAMVQGDRVAFLGIGSGLNCMMIGVEW,EOFIDKNB_01110_Gemmatimonadota_UBA6960_UBA1138_marine,97.32193732193733,0.049572649572649556,1.1415384615384616,0.6965841122935547,33.74814814814815,351,37644.84294,4.979926020898044,0.09957264957264954,-0.8473789173789174,-0.2800569800569801,-0.4503988603988604,0.23507122507122508,-5.0746153846153845,-0.1827065527065527,0.09512820512820515,0.3287749287749288,0.8378632478632478,-0.2049287749287749,-0.36854700854700856,0.029401709401709396,-0.00547008547008545,-0.24168091168091171,-0.3329344729344729,-0.15851851851851853,-0.13441595441595444,-0.3447578347578348,0.23378917378917374,-0.08863247863247863,-0.9385384615384615,-0.3116011396011396,-0.2647179487179487,-0.005108262108262113,-0.11753561253561252,-0.4931880341880342,0.14347578347578346,0.3198831908831909,-0.18860113960113958,0.054874643874643886,-0.22986039886039886,0.49085754985754987,0.0065527065527065526,-0.08578347578347577,-0.18806267806267807,-0.3848717948717949,0.02373219373219374,0.03478632478632478,-0.23598290598290597,-0.26330484330484333,-0.009829059829059829,0.04304843304843305,-0.10242165242165241,0.07219373219373221,32.39
JNICHHHL_03707_Verrucomicrobiota_Akkermansiaceae_Akkermansiaceae_marine,VVVTSEELEGRLAPMLRKLHVADGQLEHLTGILERRWWTPDTPVSQGATAAAKKVLAISGVPIAEIGSLIYAGVCRELYEPATACRVADGLGVNNSTAVYDLSNACLGVLNGILDVANRIELGQIRAGLVVSCESAREINDVMIERMLQMEDIKLFTLALATLTGGSGAVAVLLTDGSFNDNQGHRLLGAATHVAPEHHALCRWGIEKENGVHRPFMSTDSAAVLKHGVKLGKETWDSFLTKMDWSVDDIDRVICHQVGSGHQDSILKTFSLTPDKDFTTYEHLGNMGTVSLPVTAAMADERGVLKRGDNVSFLGIGSGLNCMMLGLKW,JNICHHHL_03707_Verrucomicrobiota_Akkermansiaceae_Akkermansiaceae_marine,99.87841945288753,0.06778115501519755,1.1140729483282674,0.7017247152318101,33.51550151975684,329,35399.58514,5.75550963477307,0.0957750759878419,-0.8227355623100304,-0.264984802431611,-0.4266869300911854,0.2254711246200608,-5.066474164133738,-0.12291793313069906,0.04978723404255321,0.3529787234042553,0.8000303951367781,-0.19130699088145897,-0.36510638297872344,0.03720364741641337,0.0021276595744681077,-0.24920972644376901,-0.31635258358662616,-0.13398176291793315,-0.13097264437689973,-0.3006079027355623,0.23714285714285713,-0.11793313069908816,-0.9380607902735563,-0.28695440729483285,-0.2520547112462006,-0.002249240121580551,-0.10413981762917933,-0.40711246200607903,0.14264741641337386,0.28341337386018234,-0.18787234042553191,0.04336170212765958,-0.22447720364741638,0.47970820668693015,-0.01983890577507599,-0.0846109422492401,-0.15319148936170215,-0.36322188449848025,0.02440729483282675,0.028297872340425523,-0.157629179331307,-0.28738601823708204,-0.0032826747720364757,0.05434650455927052,-0.1021884498480243,0.13796352583586627,32.325
PPJKJBEN_01083_Proteobacteria_Alteromonadaceae_Alteromonadaceae_marine,MKYTRVFINSLAYELAPEVITSSALESRLAPLYQKYRIPMGQLAALTGIVERRWWPKEHILSDGALAAAEKTIKETGISVSDLGAVIYTGVCRDQHEPATACRIAAKLGVSKETAIYDISNACLGALSGILDIANRIELGQIKAGLVVSCESARHIVDVTIDDMLADPSMQNYAQSLATLTGGSGAVAILLTDGSLDLTTDRNHQLLGASHLSAPEHNSLCQWGLKEVGPQLFREFMRTNAVTLLKEGVSLAKDTWEHFLEQRDWMTEHVDKVICHQVGAANQKQVLTALGIPTYKEYPTYQLLGNMGTVSLPVTAAMAHDQGFLKTGDNVSFLGIGSGLNCMMLGLKW,PPJKJBEN_01083_Proteobacteria_Alteromonadaceae_Alteromonadaceae_marine,100.11461318051576,0.044985673352435515,0.9854154727793696,0.7972900629687291,24.75300859598854,349,37857.51414,6.175123761838551,-0.016504297994269387,-0.7662750716332378,-0.2837822349570201,-0.44157593123209166,0.25123209169054445,-4.95160458452722,-0.12704871060171918,0.04767908309455589,0.33790830945558736,0.7538968481375359,-0.17710601719197708,-0.34836676217765045,0.037020057306590255,0.01865329512893985,-0.21495702005730663,-0.2758739255014327,-0.16704871060171922,-0.0835816618911175,-0.3127507163323782,0.17730659025787962,-0.11590257879656161,-0.9171805157593124,-0.287432664756447,-0.2380143266475645,-0.01786819484240688,-0.09998280802292263,-0.37100000000000005,0.11233810888252148,0.25406876790830946,-0.12038108882521492,0.06726934097421204,-0.1790343839541547,0.474702005730659,0.013896848137535816,-0.07804871060171918,-0.17283667621776505,-0.32902578796561605,0.013495702005730664,0.02111747851002864,-0.13220630372492836,-0.313323782234957,0.019054441260744983,-0.020716332378223488,-0.08424068767908309,0.035100286532951296,33.87
OILHCALI_01638_Verrucomicrobiota_Opitutaceae_UBA6669_marine,MKFEHTVIESIAVALPDDVLTSAQIEQRLAPLYERLKLPEGRLELMTGIKERRVWPTGTRPSDASAAAGRKVLTQSRLAAEHVELFIHAAVSRDMLEPATASFAHHKIGLPRTAQIYDVSNACLGFLNALTIAASMIESGQIKCALVCSGENGGPLVENTLNTLLEKPLSRQDIKPYFANLTIGSGAVAAVVCHDSLAPDGHRLVGGMARAATECSALCQGDTHGADSLAMQTDSEALLVAGVALAQETWTDFVKEVGWSRDEFTRFICHQVGSTHRRKLYEALELDLAKDFSTFETLGNTGSVALPATLATAADTGAIKHGDRVGLLGIGSGLNCLMLAVDW,OILHCALI_01638_Verrucomicrobiota_Opitutaceae_UBA6669_marine,96.53061224489795,0.06268221574344021,1.161603498542274,0.6557011383344095,27.798250728862975,343,36630.83664,5.762651667921586,0.12087463556851308,-0.8278134110787172,-0.23749271137026243,-0.4440233236151603,0.2856268221574344,-5.144956268221574,-0.16005830903790086,0.07760932944606415,0.34,0.8265889212827988,-0.19705539358600585,-0.37081632653061225,0.045801749271137025,-0.011137026239067035,-0.2577842565597668,-0.3282215743440234,-0.18381924198250732,-0.1191253644314869,-0.3028279883381924,0.20279883381924194,-0.06696793002915452,-0.9492769679300291,-0.31034402332361516,-0.2663206997084548,-0.005344023323615163,-0.11595918367346938,-0.45632653061224493,0.147600583090379,0.29949562682215747,-0.1438862973760933,0.09984839650145771,-0.2503469387755102,0.5129679300291545,0.058909620991253644,-0.08983673469387753,-0.22472303206997085,-0.39221574344023324,-0.04778425655976676,0.033294460641399404,-0.2253061224489796,-0.31944606413994164,0.026355685131195333,-0.04839650145772594,-0.03402332361516035,0.1019533527696793,33.825
GMOMBGHN_01628_Proteobacteria_Alteromonadaceae_Colwellia_marine,MKYTRVFINSLAYELAPHVVTSIELESRLAPLYQKYHIPMGQLTALTGIEERRWWPKGHVLSDGAIIAAKKAIDETGIDIAELGAVVYTGVCRDQHEPATACRIAGALGVSNQTAIYDISNACLGVLSGILDIANRIELGQIKAGLVVSCESARHIVDVTIEDMLAEPTMQNYAQSLATLTGGSGATAVLITDGSFDLKTERNHQLLGASHLSAPEHNNLCQWGLKEVGPQLYREFMRTDAVTLLKEGVMLAKDTWTHFLDQRDWVIEQVDKVICHQVGAANQKQVLTALNIPPEKEFPTFKNLGNMGTVSLPVTAAMAHNDGFLKKGDNVSFLGIGSGLNCMMLGFKW,GMOMBGHN_01628_Proteobacteria_Alteromonadaceae_Colwellia_marine,98.68194842406876,0.02607449856733523,0.9905444126074499,0.7418339814392948,32.61318051575932,349,38013.70664,6.124001183387247,-0.017535816618911217,-0.7302005730659026,-0.27727793696275077,-0.4225787965616046,0.24979942693409743,-4.891805157593123,-0.13286532951289395,0.04335243553008597,0.3233810888252149,0.7312607449856734,-0.1813753581661891,-0.34469914040114613,0.02143266475644699,0.019140401146131827,-0.21257879656160458,-0.2649283667621777,-0.15770773638968483,-0.0907736389684814,-0.30939828080229226,0.19825214899713467,-0.10991404011461318,-0.9086790830945559,-0.2893295128939828,-0.22655873925501432,-0.01947277936962751,-0.10456446991404011,-0.338541547277937,0.11462464183381088,0.2435186246418338,-0.14244985673352437,0.06034097421203439,-0.16973352435530084,0.44111747851002864,0.009249283667621776,-0.08463323782234955,-0.1677077363896848,-0.3125787965616046,0.02106017191977078,0.022808022922636097,-0.09699140401146132,-0.28183381088825216,0.03091690544412607,0.03828080229226362,-0.048624641833810885,5.730659025788002e-4,35.125
DLNKJDDL_01008_Proteobacteria_Shewanellaceae_Shewanella_marine,MKYSRVFINSLAYELAPQVVSSSDLESRLAPLYQKFRIPMGQLAALTGITERRWWPKGHRLSDGAIAAAQKALNETGIDVSDLGAVVYTGVCRDQHEPATACRIAAELGVSKDTAIYDISNACLGVLSGILDIANRIELGQIKAGMVVSCESARDIVDATIDHMLAEPTMQNFAQSLATLTGGSGAVAVILTDGTLPLKTTRQHQLLGASHLSAPEHHQLCQWGLQEAGHLLYREFMRTDAVTLLKEGVELAKHTWEHFLEQRDWVVERVDKVICHQVGASNRRQVLNALNIPHIKEYPTYQTLGNMGSVSLPVTAAIAHDEGFLRVGDQVSFLGIGSGLNCMMLGIKW,DLNKJDDL_01008_Proteobacteria_Shewanellaceae_Shewanella_marine,100.08595988538683,0.013467048710601701,1.1583954154727794,0.7015017685775148,27.71060171919771,349,38062.65244,6.568114408958619,0.0375071633237822,-0.7230659025787965,-0.3145845272206304,-0.391919770773639,0.25174785100286534,-4.878567335243552,-0.10352435530085959,0.04684813753581663,0.30765042979942697,0.7467335243553009,-0.17375358166189112,-0.3389971346704871,0.03389684813753581,0.0026934097421203655,-0.2120630372492837,-0.2612034383954155,-0.16332378223495703,-0.07418338108882523,-0.29303724928366764,0.19303724928366758,-0.09659025787965617,-0.9070401146131806,-0.2746103151862464,-0.2367965616045845,-0.02214040114613181,-0.10331805157593123,-0.3692664756446992,0.1440916905444126,0.27099713467048714,-0.15373352435530088,0.08209169054441261,-0.17690544412607448,0.44642120343839536,0.01242406876790831,-0.03980802292263608,-0.1859598853868195,-0.3167048710601719,0.0410028653295129,0.0356160458452722,-0.14432664756446992,-0.2710888252148997,-0.0042693409742120365,-0.010343839541547271,-0.06025787965616045,0.03335243553008596,32.85
JFDPEIEM_00492_Proteobacteria_Psychromonadaceae_Psychromonas_marine,MKYSRVFINSFAYELAPEVVSSHDLESRLAPLYQKLRIPMGQLAALTGIEERRWWPKDHRLSDGAIEAAKKSIAETDISIDDIGAVVYTGVCRDQHEPATACRIAAELGVNKSTAIYDISNACLGVLSGILDVANRIELGQIKAGLVVSCESARHIVDITIDNMLENQNIQNFSQSLATLTGGSGAVAVLLTDGSLTLKNERQHKLLGASHLSAPEHHDLCKWGLQEVGLKLHREFMRTDAVPLLKEGVALAHDTWKHFLEQRDWVVEQVDKVICHQVGSANQKQVLSALNIPAYKEFPTFQTLGNMGTVSLPVTAAMAHDQGFLKRGDKVSFLGIGSGLNCMMLGLEW,JFDPEIEM_00492_Proteobacteria_Psychromonadaceae_Psychromonas_marine,100.34383954154728,-0.04126074498567337,1.2256160458452723,0.726790049144623,34.50859598853868,349,38232.83984,6.4438370105781075,0.08575931232091687,-0.6560458452722062,-0.294756446991404,-0.4092263610315186,0.275243553008596,-4.822034383954154,-0.056418338108882506,0.036275071633237836,0.29779369627507163,0.7209742120343839,-0.15011461318051575,-0.33767908309455585,0.02464183381088825,-0.015644699140401123,-0.1912893982808023,-0.23893982808022923,-0.15636103151862465,-0.09217765042979945,-0.266676217765043,0.21458452722063034,-0.10292263610315187,-0.8987163323782235,-0.2697363896848138,-0.23279083094555875,-0.03195988538681949,-0.0904813753581662,-0.3062464183381089,0.1418080229226361,0.2610315186246418,-0.18156160458452722,0.10160458452722063,-0.16586532951289396,0.4458739255014326,0.0065616045845272196,-0.061942693409742094,-0.19346704871060172,-0.29068767908309456,-5.730659025787919e-4,0.05530085959885386,-0.12197707736389685,-0.307163323782235,-0.01914040114613181,0.00939828080229227,-0.037048710601719194,0.03260744985673353,33.3
KLHHEPHJ_03344_Hydrogenedentota_NA_Hydrogenedentiales_marine,MKYTNVHIDTIGYALAPVVVSSEELEDELEPLYSALHIPHGQLESLTGIQERRWWPKGYALSDGAIAAATKAFSQSPVTPRDIGAVVYCGVGRDNFEPATACRVASAFQIGGNTAIFDISNACLGVMNGILDMANRIQLGQIRAGLVVSAETARDIVEETIAKVLDNPTMAFYIESLATLTGGSGAVAVLVTDGSFGNDAQHQLLGGVSLAAPEHYGLCTWGLDHLGDGLRKQFMSTDAVSVLKYGVKLGLDTWQALLDEMGWSVEDIDKVICHQVGNANKDAILKSIGVSAEKDFATFGHLGNMGTVSLPLTAAIAHERGFLKSGDEVAFLGIGSGLNCMMLGLRW,KLHHEPHJ_03344_Hydrogenedentota_NA_Hydrogenedentiales_marine,98.70317002881845,0.1711815561959654,0.7730835734870317,0.6827070651539674,36.021037463976946,347,36842.98394,4.6561119696600874,-0.0010086455331412521,-0.8849855907780979,-0.1695677233429395,-0.4912391930835735,0.24602305475504324,-5.189221902017291,-0.24074927953890488,0.08322766570605188,0.34325648414985593,0.8623342939481269,-0.2338328530259366,-0.3831412103746397,0.01844380403458213,0.04400576368876083,-0.27544668587896254,-0.37452449567723345,-0.12899135446685883,-0.15475504322766573,-0.3548991354466859,0.21391930835734868,-0.16057636887608068,-0.9575619596541787,-0.2986224783861671,-0.24187608069164265,0.0053256484149855855,-0.12671757925072044,-0.4938876080691643,0.10079827089337175,0.33448703170028815,-0.13201440922190202,-0.009501440922190194,-0.23198847262247835,0.5110778097982709,-0.03902017291066283,-0.1575936599423631,-0.12933717579250723,-0.40979827089337173,-0.008731988472622474,-0.02760806916426514,-0.15135446685878964,-0.3106340057636887,-0.009337175792507204,0.11668587896253603,-0.09746397694524493,0.03778097982708934,31.585
PMDDHMHM_02083_Proteobacteria_Psychromonadaceae_Psychromonas_marine,MKYSRVYINSMAYQLAPEVVSSKDLESRLAPLYQKLRIPAGQLAALTGIEERRWWPSDHRLSDGAIEAAKKSLSETGINVEDIGAVVYTGVCRDQHEPATACRIAAELGVNKSTAIYDISNACLGVLSGILDIANRIELGQIKAGLVVSCESARHIVDITIDNMLSNQSIQNFSQSLATLTGGSGAVAVLLTDGSLTLDNQRQHKLLGASHLSAPQHHDLCKWGLQEVGLKLHREFMRTNAVPLLKEGVALALDTWKEFLAQQHWTIDSVNKVICHQVGSANQKQVLAALGIPASKEFPTYQYLGNMGTVSLPVTAALAHEQGFLQKGDNVSFLGIGSGLNCMMLGLEW,PMDDHMHM_02083_Proteobacteria_Psychromonadaceae_Psychromonas_marine,102.60744985673354,0.005730659025787946,1.06189111747851,0.726790049144623,37.36074498567336,349,37782.28074,6.731073779741189,0.051948424068767866,-0.7314613180515759,-0.28693409742120346,-0.45186246418338105,0.30426934097421204,-4.9671346704871056,-0.0987106017191977,0.059512893982808034,0.3230085959885387,0.7682521489971347,-0.164297994269341,-0.35166189111747853,0.04077363896848137,-0.004498567335243531,-0.2255873925501433,-0.2821776504297994,-0.1537822349570201,-0.07194842406876793,-0.30404011461318053,0.2028939828080229,-0.1416618911174785,-0.922621776504298,-0.2758538681948424,-0.2464297994269341,-0.021776504297994274,-0.09310601719197707,-0.36404297994269347,0.12583381088825213,0.28050429799426935,-0.15350429799426935,0.06322349570200574,-0.1874727793696275,0.47883667621776504,-0.001017191977077364,-0.06800573065902576,-0.16573065902578799,-0.33197707736389687,0.016647564469914045,0.037507163323782226,-0.11722063037249285,-0.32687679083094556,-0.0033524355300859608,-0.011203438395415466,-0.06610315186246417,-0.021547277936962747,34.91
HAJIHKJJ_04557_Planctomycetota_Planctomycetaceae_Planctomycetaceae_marine,MRYHNVCLETFAYTLPDEIVTSDEIEERLRPVYERLHLPAGRLELMTGIRERRFFPMGTRPGDISALTAKKAIEQSGIPAESFGALIHGSVCRDQLEPATACNVHAAAGLPGSCAVLDVSNACLGILNGVLLLANMIELGQIRAGVVVGTEVGRGLVEGTIDTLLSSPNVTRKDVKGEFASLTIGSASAGIVVCDAKLSRTGNRLIGAHFLADSSHHKLCEGGVQSETYGDDRPRMQTDSEALLHAGVNLATQNWEATLQTLGWRNSSVNKAFTHQVGKAHRKLLYDSLGLNPEIDFATVDFLGNTGAAALPVTTAIGLERGHVQTGEKVAMLGIGSGLNSIMMGWEFQGIPS,HAJIHKJJ_04557_Planctomycetota_Planctomycetaceae_Planctomycetaceae_marine,95.3541076487252,0.00679886685552406,1.2110481586402266,0.7752382847700988,33.569405099150146,353,37612.86304,6.126739809615333,0.16045325779036823,-0.86,-0.2651274787535411,-0.4721813031161473,0.2545325779036827,-5.170509915014165,-0.13507082152974503,0.05983002832861191,0.3326345609065156,0.8410481586402266,-0.19611898016997167,-0.3747025495750709,0.05458923512747875,-0.021161473087818676,-0.27322946175637397,-0.3604815864022663,-0.09297450424929181,-0.1228045325779037,-0.32271954674220965,0.2591784702549575,-0.09558073654390935,-0.9556373937677053,-0.2885694050991502,-0.2555070821529745,0.00503966005665722,-0.12138243626062323,-0.47292351274787536,0.13752974504249293,0.32196600566572237,-0.16678186968838526,-0.00811331444759206,-0.259028328611898,0.49748158640226625,0.021110481586402267,-0.0851898016997167,-0.11325779036827197,-0.39495750708215294,0.027110481586402273,0.04209631728045325,-0.1836260623229462,-0.2756657223796034,0.05096317280453258,0.055637393767705386,-0.07453257790368271,0.0734844192634561,33.32
LNILFACD_01640_Bdellovibrionota_Bacteriovoracaceae_GCA_2720865_marine,MKFNNVVISDFAHYLPEKVMSSDEIEKRLAPLYKKLRLPEGRLELMTGITERRYWEPGTRPSALSTKAANNLFDSGKLKKEDIDLVIHASVCRDFLEPSTASVVHCDLGLKPEAMLFDLSNACLGVMSSMVMAANLIESGAIKHALIVSGENGGPLLFQTIETLLKDDSINRKNIKKYIANLTIGSAAVAYTLSHKDLASGHKLVGGVSMADTSANVLCQGGGDTQALMMETDSEELMKKGVVLAKETWERTKAELAWENSDIDWAIGHQVGKAHEALTMETLGLENKQTFKTYPFLGNTGSAALPVTLDLLNHEMKIEKGSKVALLGIGSGLNSIMLGVEW,LNILFACD_01640_Bdellovibrionota_Bacteriovoracaceae_GCA_2720865_marine,96.4327485380117,-0.08099415204678365,1.1285964912280702,0.6611475636514694,33.886842105263156,342,37220.93744,6.057311158332737,0.08616959064327481,-0.6958187134502924,-0.27652046783625733,-0.44555555555555554,0.28049707602339186,-4.930146198830409,-0.01982456140350876,-0.019649122807017527,0.35520467836257313,0.7154385964912281,-0.14570175438596492,-0.3497368421052632,0.04184210526315789,-0.019298245614035064,-0.1914327485380117,-0.25815789473684214,-0.11444444444444447,-0.1154385964912281,-0.2880116959064328,0.2560818713450292,-0.12605263157894736,-0.9130233918128655,-0.2715906432748538,-0.22643567251461988,-0.0247953216374269,-0.08814619883040935,-0.28302631578947374,0.1132456140350877,0.25060818713450295,-0.17421052631578948,0.10362865497076024,-0.17825730994152045,0.49862573099415203,0.02508479532163743,-0.13250584795321635,-0.1947953216374269,-0.2974561403508772,-0.08383040935672514,0.07020467836257309,-0.07926900584795323,-0.37807017543859645,0.020409356725146197,0.026432748538011704,-0.10979532163742689,0.08453216374269006,34.095
